emoji/emoticon|key words
ğŸ˜€|face grin grinning face
ğŸ˜ƒ|face grinning face with big eyes mouth open smile
ğŸ˜„|eye face grinning face with smiling eyes mouth open smile
ğŸ˜|beaming face with smiling eyes eye face grin smile
ğŸ˜†|face grinning squinting face laugh mouth satisfied smile
ğŸ˜…|cold face grinning face with sweat open smile sweat
ğŸ¤£|face floor laugh rofl rolling rolling on the floor laughing rotfl
ğŸ˜‚|face face with tears of joy joy laugh tear
ğŸ™‚|face slightly smiling face smile
ğŸ™ƒ|upside-down face
ğŸ˜‰|face wink winking face
ğŸ˜Š|blush eye face smile smiling face with smiling eyes
ğŸ˜‡|angel face fantasy halo innocent smiling face with halo
ğŸ¥°|adore crush hearts in love smiling face with hearts
ğŸ˜|eye face love smile smiling face with heart-eyes
ğŸ¤©|eyes face grinning star star-struck starry-eyed
ğŸ˜˜|face face blowing a kiss kiss
ğŸ˜—|face kiss kissing face
â˜º|face outlined relaxed smile smiling face
ğŸ˜š|closed eye face kiss kissing face with closed eyes
ğŸ˜™|eye face kiss kissing face with smiling eyes smile
ğŸ¥²|grateful proud relieved smiling smiling face with tear tear touched
ğŸ˜‹|delicious face face savoring food savouring smile yum
ğŸ˜›|face face with tongue tongue
ğŸ˜œ|eye face joke tongue wink winking face with tongue
ğŸ¤ª|eye goofy large small zany face
ğŸ˜|eye face horrible squinting face with tongue taste tongue
ğŸ¤‘|face money money-mouth face mouth
ğŸ¤—|hugging face
ğŸ¤­|face with hand over mouth whoops shock sudden realization surprise
ğŸ¤«|quiet shush shushing face
ğŸ¤”|thinking face
ğŸ¤|face mouth zipper zipper-mouth face
ğŸ¤¨|distrust face with raised eyebrow skeptic disapproval disbelief mild surprise scepticism
ğŸ˜|neutral face
ğŸ˜‘|expressionless face
ğŸ˜¶|face face without mouth mouth quiet silent
ğŸ˜¶â€ğŸŒ«ï¸|âŠ› face in clouds
ğŸ˜|face smirk smirking face
ğŸ˜’|unamused face
ğŸ™„|eyeroll eyes face face with rolling eyes rolling
ğŸ˜¬|face grimace grimacing face
ğŸ˜®â€ğŸ’¨|âŠ› face exhaling
ğŸ¤¥|face lie lying face pinocchio
ğŸ˜Œ|relieved face
ğŸ˜”|pensive face
ğŸ˜ª|face sleep sleepy face
ğŸ¤¤|drooling face
ğŸ˜´|face sleep sleeping face zzz
ğŸ˜·|cold doctor face face with medical mask mask sick
ğŸ¤’|face face with thermometer ill sick thermometer
ğŸ¤•|bandage face face with head-bandage hurt injury
ğŸ¤¢|nauseated face
ğŸ¤®|face vomiting sick vomit
ğŸ¤§|face gesundheit sneeze sneezing face
ğŸ¥µ|feverish heat stroke hot hot face red-faced sweating
ğŸ¥¶|blue-faced cold cold face freezing frostbite icicles
ğŸ¥´|dizzy intoxicated tipsy uneven eyes wavy mouth woozy face
ğŸ˜µ|dead face knocked out knocked-out face
ğŸ˜µâ€ğŸ’«|âŠ› face with spiral eyes
ğŸ¤¯|exploding head mind blown shocked
ğŸ¤ |cowboy hat face
ğŸ¥³|celebration hat horn party partying face
ğŸ¥¸|disguise disguised face face glasses incognito nose
ğŸ˜|bright cool face smiling face with sunglasses sun sunglasses
ğŸ¤“|nerd face
ğŸ§|face with monocle stuffy wealthy
ğŸ˜•|confused face
ğŸ˜Ÿ|worried face
ğŸ™|face frown slightly frowning face
â˜¹|face frown frowning face
ğŸ˜®|face face with open mouth mouth open sympathy
ğŸ˜¯|hushed face
ğŸ˜²|astonished face
ğŸ˜³|flushed face
ğŸ¥º|begging mercy pleading face puppy eyes
ğŸ˜¦|face frown frowning face with open mouth mouth open
ğŸ˜§|anguished face
ğŸ˜¨|fearful face
ğŸ˜°|anxious face with sweat blue cold face rushed sweat
ğŸ˜¥|disappointed face relieved sad but relieved face whew
ğŸ˜¢|cry crying face face sad tear
ğŸ˜­|cry face loudly crying face sad sob tear
ğŸ˜±|face face screaming in fear fear munch scared scream
ğŸ˜–|confounded face
ğŸ˜£|face persevere persevering face
ğŸ˜|disappointed face
ğŸ˜“|cold downcast face with sweat face sweat
ğŸ˜©|weary face
ğŸ˜«|tired face
ğŸ¥±|bored tired yawn yawning face
ğŸ˜¤|face face with steam from nose triumph won
ğŸ˜¡|pouting face
ğŸ˜ |angry face
ğŸ¤¬|face with symbols on mouth swearing cursing
ğŸ˜ˆ|face fairy tale fantasy horns smile smiling face with horns
ğŸ‘¿|angry face with horns demon devil face fantasy imp
ğŸ’€|death face fairy tale monster skull
â˜ |crossbones death face monster skull skull and crossbones
ğŸ’©|dung face monster pile of poo poo poop
ğŸ¤¡|clown face
ğŸ‘¹|creature face fairy tale fantasy monster ogre troll
ğŸ‘º|creature face fairy tale fantasy goblin monster
ğŸ‘»|creature face fairy tale fantasy ghost monster
ğŸ‘½|alien creature extraterrestrial face fantasy ufo
ğŸ‘¾|alien monster
ğŸ¤–|face monster robot
ğŸ˜º|grinning cat
ğŸ˜¸|cat eye face grin grinning cat with smiling eyes smile
ğŸ˜¹|cat cat with tears of joy face joy tear
ğŸ˜»|cat eye face heart love smile smiling cat with heart-eyes
ğŸ˜¼|cat cat with wry smile face ironic smile wry
ğŸ˜½|cat eye face kiss kissing cat
ğŸ™€|weary cat
ğŸ˜¿|cat cry crying cat face sad tear
ğŸ˜¾|pouting cat
ğŸ™ˆ|evil face forbidden monkey see see-no-evil monkey
ğŸ™‰|evil face forbidden hear hear-no-evil monkey monkey
ğŸ™Š|evil face forbidden monkey speak speak-no-evil monkey
ğŸ’‹|kiss kiss mark lips
ğŸ’Œ|love letter
ğŸ’˜|arrow cupid heart with arrow
ğŸ’|heart with ribbon ribbon valentine
ğŸ’–|excited sparkle sparkling heart
ğŸ’—|excited growing growing heart nervous pulse
ğŸ’“|beating beating heart heartbeat pulsating
ğŸ’|revolving revolving hearts
ğŸ’•|love two hearts
ğŸ’Ÿ|heart heart decoration
â£|exclamation heart exclamation mark punctuation
ğŸ’”|break broken broken heart
â¤ï¸â€ğŸ”¥|âŠ› heart on fire
â¤ï¸â€ğŸ©¹|âŠ› mending heart
â¤|heart red heart
ğŸ§¡|orange orange heart
ğŸ’›|yellow yellow heart
ğŸ’š|green green heart
ğŸ’™|blue blue heart
ğŸ’œ|purple purple heart
ğŸ¤|brown heart
ğŸ–¤|black black heart evil wicked
ğŸ¤|white heart
ğŸ’¯|100 full hundred hundred points score
ğŸ’¢|anger symbol angry comic mad
ğŸ’¥|boom collision comic
ğŸ’«|comic dizzy star
ğŸ’¦|comic splashing sweat sweat droplets
ğŸ’¨|comic dash dashing away running
ğŸ•³|hole
ğŸ’£|bomb comic
ğŸ’¬|speech balloon
ğŸ‘ï¸â€ğŸ—¨ï¸|eye eye in speech bubble speech bubble witness
ğŸ—¨|dialog left speech bubble speech
ğŸ—¯|angry balloon bubble mad right anger bubble
ğŸ’­|thought balloon
ğŸ’¤|comic sleep zzz
ğŸ‘‹|waving hand
ğŸ¤š|backhand raised raised back of hand
ğŸ–|finger hand hand with fingers splayed splayed
âœ‹|hand high 5 high five raised hand
ğŸ––|finger hand spock vulcan vulcan salute
ğŸ‘Œ|OK hand
ğŸ¤Œ|pinched fingers
ğŸ¤|pinching hand small amount
âœŒ|victory hand
ğŸ¤|cross crossed fingers finger hand luck
ğŸ¤Ÿ|hand ILY love-you gesture
ğŸ¤˜|finger hand horns rock-on sign of the horns
ğŸ¤™|call call me hand hand
ğŸ‘ˆ|backhand backhand index pointing left finger hand index point
ğŸ‘‰|backhand backhand index pointing right finger hand index point
ğŸ‘†|backhand backhand index pointing up finger hand point up
ğŸ–•|finger hand middle finger
ğŸ‘‡|backhand backhand index pointing down down finger hand point
â˜|finger hand index index pointing up point up
ğŸ‘|+1 hand thumb thumbs up up
ğŸ‘|-1 down hand thumb thumbs down
âœŠ|clenched fist hand punch raised fist
ğŸ‘Š|clenched fist hand oncoming fist punch
ğŸ¤›|fist left-facing fist leftwards
ğŸ¤œ|fist right-facing fist rightwards
ğŸ‘|clap clapping hands hand
ğŸ™Œ|celebration gesture hand hooray raised raising hands
ğŸ‘|hand open open hands
ğŸ¤²|palms up together prayer cupped hands
ğŸ¤|agreement hand handshake meeting shake
ğŸ™|ask folded hands hand high 5 high five please pray thanks
âœ|hand write writing hand
ğŸ’…|nail polish
ğŸ¤³|camera phone selfie
ğŸ’ª|biceps comic flex flexed biceps muscle
ğŸ¦¾|accessibility mechanical arm prosthetic
ğŸ¦¿|accessibility mechanical leg prosthetic
ğŸ¦µ|kick leg limb
ğŸ¦¶|foot kick stomp
ğŸ‘‚|body ear
ğŸ¦»|accessibility ear with hearing aid hard of hearing
ğŸ‘ƒ|body nose
ğŸ§ |brain intelligent
ğŸ«€|anatomical heart
ğŸ«|breath exhalation inhalation lungs organ respiration
ğŸ¦·|dentist tooth
ğŸ¦´|bone skeleton
ğŸ‘€|eye eyes face
ğŸ‘|body eye
ğŸ‘…|body tongue
ğŸ‘„|lips mouth
ğŸ‘¶|baby young
ğŸ§’|child gender-neutral unspecified gender young
ğŸ‘¦|boy young
ğŸ‘§|girl Virgo young zodiac
ğŸ§‘|adult gender-neutral person unspecified gender
ğŸ‘±|blond blond-haired person hair person: blond hair
ğŸ‘¨|adult man
ğŸ§”|beard person person: beard bewhiskered
ğŸ§”â€â™‚ï¸|âŠ› man: beard
ğŸ§”â€â™€ï¸|âŠ› woman: beard
ğŸ‘¨â€ğŸ¦°|man: red hair
ğŸ‘¨â€ğŸ¦±|man: curly hair
ğŸ‘¨â€ğŸ¦³|man: white hair
ğŸ‘¨â€ğŸ¦²|man: bald
ğŸ‘©|adult woman
ğŸ‘©â€ğŸ¦°|woman: red hair
ğŸ§‘â€ğŸ¦°|person: red hair
ğŸ‘©â€ğŸ¦±|woman: curly hair
ğŸ§‘â€ğŸ¦±|person: curly hair
ğŸ‘©â€ğŸ¦³|woman: white hair
ğŸ§‘â€ğŸ¦³|person: white hair
ğŸ‘©â€ğŸ¦²|woman: bald
ğŸ§‘â€ğŸ¦²|person: bald
ğŸ‘±â€â™€ï¸|blond-haired woman blonde hair woman woman: blond hair
ğŸ‘±â€â™‚ï¸|blond blond-haired man hair man man: blond hair
ğŸ§“|adult gender-neutral old older person unspecified gender
ğŸ‘´|old man
ğŸ‘µ|old woman
ğŸ™|frown gesture person frowning
ğŸ™â€â™‚ï¸|man frowning
ğŸ™â€â™€ï¸|woman frowning
ğŸ™|gesture person pouting pouting
ğŸ™â€â™‚ï¸|man pouting
ğŸ™â€â™€ï¸|woman pouting
ğŸ™…|forbidden gesture hand person gesturing NO prohibited
ğŸ™…â€â™‚ï¸|forbidden gesture hand man man gesturing NO prohibited
ğŸ™…â€â™€ï¸|forbidden gesture hand prohibited woman woman gesturing NO
ğŸ™†|gesture hand OK person gesturing OK
ğŸ™†â€â™‚ï¸|gesture hand man man gesturing OK OK
ğŸ™†â€â™€ï¸|gesture hand OK woman woman gesturing OK
ğŸ’|hand help information person tipping hand sassy tipping
ğŸ’â€â™‚ï¸|man man tipping hand sassy tipping hand
ğŸ’â€â™€ï¸|sassy tipping hand woman woman tipping hand
ğŸ™‹|gesture hand happy person raising hand raised
ğŸ™‹â€â™‚ï¸|gesture man man raising hand raising hand
ğŸ™‹â€â™€ï¸|gesture raising hand woman woman raising hand
ğŸ§|accessibility deaf deaf person ear hear
ğŸ§â€â™‚ï¸|deaf man
ğŸ§â€â™€ï¸|deaf woman
ğŸ™‡|apology bow gesture person bowing sorry
ğŸ™‡â€â™‚ï¸|man bowing
ğŸ™‡â€â™€ï¸|woman bowing
ğŸ¤¦|disbelief exasperation face palm person facepalming
ğŸ¤¦â€â™‚ï¸|disbelief exasperation facepalm man man facepalming
ğŸ¤¦â€â™€ï¸|disbelief exasperation facepalm woman woman facepalming
ğŸ¤·|doubt ignorance indifference person shrugging shrug
ğŸ¤·â€â™‚ï¸|doubt ignorance indifference man man shrugging shrug
ğŸ¤·â€â™€ï¸|doubt ignorance indifference shrug woman woman shrugging
ğŸ§‘â€âš•ï¸|doctor health worker healthcare nurse therapist
ğŸ‘¨â€âš•ï¸|doctor healthcare man man health worker nurse therapist
ğŸ‘©â€âš•ï¸|doctor healthcare nurse therapist woman woman health worker
ğŸ§‘â€ğŸ“|graduate student
ğŸ‘¨â€ğŸ“|man student
ğŸ‘©â€ğŸ“|woman student
ğŸ§‘â€ğŸ«|instructor professor teacher
ğŸ‘¨â€ğŸ«|man teacher
ğŸ‘©â€ğŸ«|woman teacher
ğŸ§‘â€âš–ï¸|judge justice scales
ğŸ‘¨â€âš–ï¸|man judge
ğŸ‘©â€âš–ï¸|woman judge
ğŸ§‘â€ğŸŒ¾|farmer gardener rancher
ğŸ‘¨â€ğŸŒ¾|man farmer
ğŸ‘©â€ğŸŒ¾|woman farmer
ğŸ§‘â€ğŸ³|chef cook
ğŸ‘¨â€ğŸ³|man cook
ğŸ‘©â€ğŸ³|woman cook
ğŸ§‘â€ğŸ”§|electrician mechanic plumber tradesperson
ğŸ‘¨â€ğŸ”§|man mechanic
ğŸ‘©â€ğŸ”§|woman mechanic
ğŸ§‘â€ğŸ­|factory worker
ğŸ‘¨â€ğŸ­|man factory worker
ğŸ‘©â€ğŸ­|woman factory worker
ğŸ§‘â€ğŸ’¼|architect business manager office worker white-collar
ğŸ‘¨â€ğŸ’¼|architect business man man office worker manager white-collar
ğŸ‘©â€ğŸ’¼|architect business manager white-collar woman woman office worker
ğŸ§‘â€ğŸ”¬|biologist chemist engineer physicist scientist
ğŸ‘¨â€ğŸ”¬|man scientist
ğŸ‘©â€ğŸ”¬|woman scientist
ğŸ§‘â€ğŸ’»|coder developer inventor software technologist
ğŸ‘¨â€ğŸ’»|man technologist
ğŸ‘©â€ğŸ’»|woman technologist
ğŸ§‘â€ğŸ¤|actor entertainer rock singer star
ğŸ‘¨â€ğŸ¤|man singer
ğŸ‘©â€ğŸ¤|woman singer
ğŸ§‘â€ğŸ¨|artist palette
ğŸ‘¨â€ğŸ¨|man artist
ğŸ‘©â€ğŸ¨|woman artist
ğŸ§‘â€âœˆï¸|pilot plane
ğŸ‘¨â€âœˆï¸|man pilot
ğŸ‘©â€âœˆï¸|woman pilot
ğŸ§‘â€ğŸš€|astronaut rocket
ğŸ‘¨â€ğŸš€|man astronaut
ğŸ‘©â€ğŸš€|woman astronaut
ğŸ§‘â€ğŸš’|firefighter firetruck
ğŸ‘¨â€ğŸš’|man firefighter
ğŸ‘©â€ğŸš’|woman firefighter
ğŸ‘®|police officer
ğŸ‘®â€â™‚ï¸|man police officer
ğŸ‘®â€â™€ï¸|woman police officer
ğŸ•µ|detective sleuth spy
ğŸ•µï¸â€â™‚ï¸|man detective
ğŸ•µï¸â€â™€ï¸|woman detective
ğŸ’‚|guard
ğŸ’‚â€â™‚ï¸|man guard
ğŸ’‚â€â™€ï¸|woman guard
ğŸ¥·|fighter hidden ninja stealth
ğŸ‘·|construction worker
ğŸ‘·â€â™‚ï¸|man construction worker
ğŸ‘·â€â™€ï¸|woman construction worker
ğŸ¤´|prince
ğŸ‘¸|fairy tale fantasy princess
ğŸ‘³|person wearing turban turban
ğŸ‘³â€â™‚ï¸|man man wearing turban turban
ğŸ‘³â€â™€ï¸|turban woman woman wearing turban
ğŸ‘²|cap gua pi mao hat person person with skullcap skullcap
ğŸ§•|headscarf hijab mantilla tichel woman with headscarf bandana head kerchief
ğŸ¤µ|groom person person in tuxedo tuxedo
ğŸ¤µâ€â™‚ï¸|man man in tuxedo tuxedo
ğŸ¤µâ€â™€ï¸|tuxedo woman woman in tuxedo
ğŸ‘°|bride person person with veil veil wedding
ğŸ‘°â€â™‚ï¸|man man with veil veil
ğŸ‘°â€â™€ï¸|veil woman woman with veil
ğŸ¤°|pregnant woman
ğŸ¤±|baby breast breast-feeding nursing
ğŸ‘©â€ğŸ¼|woman feeding baby
ğŸ‘¨â€ğŸ¼|man feeding baby
ğŸ§‘â€ğŸ¼|person feeding baby
ğŸ‘¼|baby angel
ğŸ…|celebration Christmas claus father santa Santa Claus
ğŸ¤¶|celebration Christmas claus mother Mrs. Mrs. Claus
ğŸ§‘â€ğŸ„|Claus, christmas mx claus
ğŸ¦¸|good hero heroine superhero superpower
ğŸ¦¸â€â™‚ï¸|good hero man man superhero superpower
ğŸ¦¸â€â™€ï¸|good hero heroine superpower woman woman superhero
ğŸ¦¹|criminal evil superpower supervillain villain
ğŸ¦¹â€â™‚ï¸|criminal evil man man supervillain superpower villain
ğŸ¦¹â€â™€ï¸|criminal evil superpower villain woman woman supervillain
ğŸ§™|mage sorcerer sorceress witch wizard
ğŸ§™â€â™‚ï¸|man mage sorcerer wizard
ğŸ§™â€â™€ï¸|sorceress witch woman mage
ğŸ§š|fairy Oberon Puck Titania
ğŸ§šâ€â™‚ï¸|man fairy Oberon Puck
ğŸ§šâ€â™€ï¸|Titania woman fairy
ğŸ§›|Dracula undead vampire
ğŸ§›â€â™‚ï¸|Dracula man vampire undead
ğŸ§›â€â™€ï¸|undead woman vampire
ğŸ§œ|mermaid merman merperson merwoman
ğŸ§œâ€â™‚ï¸|merman Triton
ğŸ§œâ€â™€ï¸|mermaid merwoman
ğŸ§|elf magical LOTR style
ğŸ§â€â™‚ï¸|magical man elf
ğŸ§â€â™€ï¸|magical woman elf
ğŸ§|djinn genie (non-human color)
ğŸ§â€â™‚ï¸|djinn man genie
ğŸ§â€â™€ï¸|djinn woman genie
ğŸ§Ÿ|undead walking dead zombie (non-human color)
ğŸ§Ÿâ€â™‚ï¸|man zombie undead walking dead
ğŸ§Ÿâ€â™€ï¸|undead walking dead woman zombie
ğŸ’†|face massage person getting massage salon
ğŸ’†â€â™‚ï¸|face man man getting massage massage
ğŸ’†â€â™€ï¸|face massage woman woman getting massage
ğŸ’‡|barber beauty haircut parlor person getting haircut
ğŸ’‡â€â™‚ï¸|haircut man man getting haircut
ğŸ’‡â€â™€ï¸|haircut woman woman getting haircut
ğŸš¶|hike person walking walk walking
ğŸš¶â€â™‚ï¸|hike man man walking walk
ğŸš¶â€â™€ï¸|hike walk woman woman walking
ğŸ§|person standing stand standing
ğŸ§â€â™‚ï¸|man standing
ğŸ§â€â™€ï¸|woman standing
ğŸ§|kneel kneeling person kneeling
ğŸ§â€â™‚ï¸|man kneeling
ğŸ§â€â™€ï¸|woman kneeling
ğŸ§‘â€ğŸ¦¯|accessibility blind person with white cane
ğŸ‘¨â€ğŸ¦¯|accessibility blind man man with white cane
ğŸ‘©â€ğŸ¦¯|accessibility blind woman woman with white cane
ğŸ§‘â€ğŸ¦¼|accessibility person in motorized wheelchair wheelchair
ğŸ‘¨â€ğŸ¦¼|accessibility man man in motorized wheelchair wheelchair
ğŸ‘©â€ğŸ¦¼|accessibility wheelchair woman woman in motorized wheelchair
ğŸ§‘â€ğŸ¦½|accessibility person in manual wheelchair wheelchair
ğŸ‘¨â€ğŸ¦½|accessibility man man in manual wheelchair wheelchair
ğŸ‘©â€ğŸ¦½|accessibility wheelchair woman woman in manual wheelchair
ğŸƒ|marathon person running running
ğŸƒâ€â™‚ï¸|man running
ğŸƒâ€â™€ï¸|woman running
ğŸ’ƒ|woman dancing
ğŸ•º|man dancing
ğŸ•´|business person person in suit levitating suit
ğŸ‘¯|bunny ear dancer partying people with bunny ears
ğŸ‘¯â€â™‚ï¸|bunny ear dancer men men with bunny ears partying
ğŸ‘¯â€â™€ï¸|bunny ear dancer partying women women with bunny ears
ğŸ§–|person in steamy room sauna steam room hamam steambath
ğŸ§–â€â™‚ï¸|man in steamy room sauna steam room
ğŸ§–â€â™€ï¸|sauna steam room woman in steamy room
ğŸ§—|climber person climbing
ğŸ§—â€â™‚ï¸|climber man climbing
ğŸ§—â€â™€ï¸|climber woman climbing
ğŸ¤º|fencer fencing person fencing sword
ğŸ‡|horse racing
â›·|ski skier snow
ğŸ‚|ski snow snowboard snowboarder
ğŸŒ|ball golf person golfing
ğŸŒï¸â€â™‚ï¸|golf man man golfing
ğŸŒï¸â€â™€ï¸|golf woman woman golfing
ğŸ„|person surfing surfing
ğŸ„â€â™‚ï¸|man surfing
ğŸ„â€â™€ï¸|woman surfing
ğŸš£|boat person rowing boat rowboat
ğŸš£â€â™‚ï¸|boat man man rowing boat rowboat
ğŸš£â€â™€ï¸|boat rowboat woman woman rowing boat
ğŸŠ|person swimming swim
ğŸŠâ€â™‚ï¸|man man swimming swim
ğŸŠâ€â™€ï¸|swim woman woman swimming
â›¹|ball person bouncing ball
â›¹ï¸â€â™‚ï¸|ball man man bouncing ball
â›¹ï¸â€â™€ï¸|ball woman woman bouncing ball
ğŸ‹|lifter person lifting weights weight
ğŸ‹ï¸â€â™‚ï¸|man man lifting weights weight lifter
ğŸ‹ï¸â€â™€ï¸|weight lifter woman woman lifting weights
ğŸš´|bicycle biking cyclist person biking
ğŸš´â€â™‚ï¸|man biking
ğŸš´â€â™€ï¸|woman biking
ğŸšµ|bicycle bicyclist bike cyclist mountain person mountain biking
ğŸšµâ€â™‚ï¸|bicycle bike cyclist man man mountain biking mountain
ğŸšµâ€â™€ï¸|woman mountain biking
ğŸ¤¸|cartwheel gymnastics person cartwheeling
ğŸ¤¸â€â™‚ï¸|cartwheel gymnastics man man cartwheeling
ğŸ¤¸â€â™€ï¸|cartwheel gymnastics woman woman cartwheeling
ğŸ¤¼|people wrestling wrestle wrestler
ğŸ¤¼â€â™‚ï¸|men men wrestling wrestle
ğŸ¤¼â€â™€ï¸|women women wrestling wrestle
ğŸ¤½|person playing water polo polo water
ğŸ¤½â€â™‚ï¸|man man playing water polo water polo
ğŸ¤½â€â™€ï¸|water polo woman woman playing water polo
ğŸ¤¾|ball handball person playing handball
ğŸ¤¾â€â™‚ï¸|handball man man playing handball
ğŸ¤¾â€â™€ï¸|handball woman woman playing handball
ğŸ¤¹|balance juggle multitask person juggling skill
ğŸ¤¹â€â™‚ï¸|man juggling
ğŸ¤¹â€â™€ï¸|woman juggling
ğŸ§˜|meditation person in lotus position yoga serenity
ğŸ§˜â€â™‚ï¸|man in lotus position meditation yoga
ğŸ§˜â€â™€ï¸|meditation woman in lotus position yoga
ğŸ›€|bath bathtub person taking bath
ğŸ›Œ|hotel person in bed sleep
ğŸ§‘â€ğŸ¤â€ğŸ§‘|couple hand hold holding hands people holding hands person
ğŸ‘­|couple hand holding hands women women holding hands
ğŸ‘«|couple hand hold holding hands man woman woman and man holding hands
ğŸ‘¬|couple Gemini holding hands man men men holding hands twins zodiac
ğŸ’|couple kiss
ğŸ‘©â€â¤ï¸â€ğŸ’‹â€ğŸ‘¨|kiss: woman, man
ğŸ‘¨â€â¤ï¸â€ğŸ’‹â€ğŸ‘¨|kiss: man, man
ğŸ‘©â€â¤ï¸â€ğŸ’‹â€ğŸ‘©|kiss: woman, woman
ğŸ’‘|couple couple with heart love
ğŸ‘©â€â¤ï¸â€ğŸ‘¨|couple with heart: woman, man
ğŸ‘¨â€â¤ï¸â€ğŸ‘¨|couple with heart: man, man
ğŸ‘©â€â¤ï¸â€ğŸ‘©|couple with heart: woman, woman
ğŸ‘ª|family
ğŸ‘¨â€ğŸ‘©â€ğŸ‘¦|family: man, woman, boy
ğŸ‘¨â€ğŸ‘©â€ğŸ‘§|family: man, woman, girl
ğŸ‘¨â€ğŸ‘©â€ğŸ‘§â€ğŸ‘¦|family: man, woman, girl, boy
ğŸ‘¨â€ğŸ‘©â€ğŸ‘¦â€ğŸ‘¦|family: man, woman, boy, boy
ğŸ‘¨â€ğŸ‘©â€ğŸ‘§â€ğŸ‘§|family: man, woman, girl, girl
ğŸ‘¨â€ğŸ‘¨â€ğŸ‘¦|family: man, man, boy
ğŸ‘¨â€ğŸ‘¨â€ğŸ‘§|family: man, man, girl
ğŸ‘¨â€ğŸ‘¨â€ğŸ‘§â€ğŸ‘¦|family: man, man, girl, boy
ğŸ‘¨â€ğŸ‘¨â€ğŸ‘¦â€ğŸ‘¦|family: man, man, boy, boy
ğŸ‘¨â€ğŸ‘¨â€ğŸ‘§â€ğŸ‘§|family: man, man, girl, girl
ğŸ‘©â€ğŸ‘©â€ğŸ‘¦|family: woman, woman, boy
ğŸ‘©â€ğŸ‘©â€ğŸ‘§|family: woman, woman, girl
ğŸ‘©â€ğŸ‘©â€ğŸ‘§â€ğŸ‘¦|family: woman, woman, girl, boy
ğŸ‘©â€ğŸ‘©â€ğŸ‘¦â€ğŸ‘¦|family: woman, woman, boy, boy
ğŸ‘©â€ğŸ‘©â€ğŸ‘§â€ğŸ‘§|family: woman, woman, girl, girl
ğŸ‘¨â€ğŸ‘¦|family: man, boy
ğŸ‘¨â€ğŸ‘¦â€ğŸ‘¦|family: man, boy, boy
ğŸ‘¨â€ğŸ‘§|family: man, girl
ğŸ‘¨â€ğŸ‘§â€ğŸ‘¦|family: man, girl, boy
ğŸ‘¨â€ğŸ‘§â€ğŸ‘§|family: man, girl, girl
ğŸ‘©â€ğŸ‘¦|family: woman, boy
ğŸ‘©â€ğŸ‘¦â€ğŸ‘¦|family: woman, boy, boy
ğŸ‘©â€ğŸ‘§|family: woman, girl
ğŸ‘©â€ğŸ‘§â€ğŸ‘¦|family: woman, girl, boy
ğŸ‘©â€ğŸ‘§â€ğŸ‘§|family: woman, girl, girl
ğŸ—£|speaking head
ğŸ‘¤|bust bust in silhouette silhouette
ğŸ‘¥|bust busts in silhouette silhouette
ğŸ«‚|goodbye hello hug people hugging thanks
ğŸ‘£|clothing footprint footprints print
ğŸ¦°|ginger red hair redhead
ğŸ¦±|afro curly curly hair ringlets
ğŸ¦³|white hair
ğŸ¦²|bald chemotherapy hairless no hair shaven
ğŸµ|monkey face
ğŸ’|monkey
ğŸ¦|gorilla
ğŸ¦§|ape orangutan
ğŸ¶|dog face
ğŸ•|dog pet
ğŸ¦®|accessibility blind guide guide dog
ğŸ•â€ğŸ¦º|service dog
ğŸ©|dog poodle
ğŸº|face wolf
ğŸ¦Š|face fox
ğŸ¦|curious raccoon sly
ğŸ±|cat face
ğŸˆ|cat pet
ğŸˆâ€â¬›|black cat
ğŸ¦|face Leo lion zodiac
ğŸ¯|tiger face
ğŸ…|tiger
ğŸ†|leopard
ğŸ´|horse face
ğŸ|equestrian horse racehorse racing
ğŸ¦„|face unicorn
ğŸ¦“|stripe zebra
ğŸ¦Œ|deer
ğŸ¦¬|bison buffalo herd wisent
ğŸ®|cow face
ğŸ‚|bull ox Taurus zodiac
ğŸƒ|water buffalo
ğŸ„|cow
ğŸ·|pig face
ğŸ–|pig sow
ğŸ—|boar pig
ğŸ½|pig nose
ğŸ|Aries male ram sheep zodiac
ğŸ‘|ewe female sheep
ğŸ|Capricorn goat zodiac
ğŸª|camel dromedary hump
ğŸ«|bactrian camel hump two-hump camel
ğŸ¦™|alpaca guanaco llama vicuÃ±a wool
ğŸ¦’|giraffe spots
ğŸ˜|elephant
ğŸ¦£|extinction large mammoth tusk woolly
ğŸ¦|rhinoceros
ğŸ¦›|hippo hippopotamus
ğŸ­|mouse face
ğŸ|mouse
ğŸ€|rat
ğŸ¹|face hamster pet
ğŸ°|rabbit face
ğŸ‡|bunny pet rabbit
ğŸ¿|chipmunk squirrel
ğŸ¦«|beaver dam
ğŸ¦”|hedgehog spiny
ğŸ¦‡|bat vampire
ğŸ»|bear face
ğŸ»â€â„ï¸|arctic bear polar bear white
ğŸ¨|bear koala
ğŸ¼|face panda
ğŸ¦¥|lazy sloth slow
ğŸ¦¦|fishing otter playful
ğŸ¦¨|skunk stink
ğŸ¦˜|Australia joey jump kangaroo marsupial
ğŸ¦¡|badger honey badger pester
ğŸ¾|feet paw paw prints print
ğŸ¦ƒ|bird turkey
ğŸ”|bird chicken
ğŸ“|bird rooster
ğŸ£|hatching chick
ğŸ¤|baby chick
ğŸ¥|baby bird chick front-facing baby chick
ğŸ¦|bird
ğŸ§|bird penguin
ğŸ•Š|bird dove fly peace
ğŸ¦…|bird eagle
ğŸ¦†|bird duck
ğŸ¦¢|bird cygnet swan ugly duckling
ğŸ¦‰|bird owl wise
ğŸ¦¤|dodo extinction large Mauritius
ğŸª¶|bird feather flight light plumage
ğŸ¦©|flamboyant flamingo tropical
ğŸ¦š|bird ostentatious peacock peahen proud
ğŸ¦œ|bird parrot pirate talk
ğŸ¸|face frog
ğŸŠ|crocodile
ğŸ¢|terrapin tortoise turtle
ğŸ¦|lizard reptile
ğŸ|bearer Ophiuchus serpent snake zodiac
ğŸ²|dragon face
ğŸ‰|dragon fairy tale
ğŸ¦•|brachiosaurus brontosaurus diplodocus sauropod
ğŸ¦–|T-Rex Tyrannosaurus Rex
ğŸ³|spouting whale
ğŸ‹|whale
ğŸ¬|dolphin flipper
ğŸ¦­|sea Lion seal
ğŸŸ|fish Pisces zodiac
ğŸ |tropical fish
ğŸ¡|blowfish fish
ğŸ¦ˆ|fish shark
ğŸ™|octopus
ğŸš|spiral shell
ğŸŒ|snail
ğŸ¦‹|butterfly insect pretty
ğŸ›|bug insect
ğŸœ|ant insect
ğŸ|bee honeybee insect
ğŸª²|beetle bug insect
ğŸ|beetle insect lady beetle ladybird ladybug
ğŸ¦—|cricket grasshopper Orthoptera
ğŸª³|cockroach insect pest roach
ğŸ•·|insect spider
ğŸ•¸|spider web
ğŸ¦‚|scorpio Scorpio scorpion zodiac
ğŸ¦Ÿ|disease fever malaria mosquito pest virus
ğŸª°|disease fly maggot pest rotting
ğŸª±|annelid earthworm parasite worm
ğŸ¦ |amoeba bacteria microbe virus
ğŸ’|bouquet flower
ğŸŒ¸|cherry blossom
ğŸ’®|flower white flower
ğŸµ|plant rosette
ğŸŒ¹|flower rose
ğŸ¥€|wilted flower
ğŸŒº|flower hibiscus
ğŸŒ»|flower sun sunflower
ğŸŒ¼|blossom flower
ğŸŒ·|flower tulip
ğŸŒ±|seedling young
ğŸª´|boring grow house nurturing plant potted plant useless
ğŸŒ²|evergreen tree tree
ğŸŒ³|deciduous tree
ğŸŒ´|palm tree
ğŸŒµ|cactus plant
ğŸŒ¾|ear grain rice sheaf of rice
ğŸŒ¿|herb leaf
â˜˜|plant shamrock
ğŸ€|four leaf clover
ğŸ|maple leaf
ğŸ‚|fallen leaf falling leaf
ğŸƒ|blow flutter leaf leaf fluttering in wind wind
ğŸ‡|fruit grape grapes
ğŸˆ|fruit melon
ğŸ‰|fruit watermelon
ğŸŠ|fruit orange tangerine
ğŸ‹|citrus fruit lemon
ğŸŒ|banana fruit
ğŸ|fruit pineapple
ğŸ¥­|fruit mango tropical
ğŸ|red apple
ğŸ|green apple
ğŸ|fruit pear
ğŸ‘|fruit peach
ğŸ’|berries cherries cherry fruit red
ğŸ“|berry fruit strawberry
ğŸ«|berry bilberry blue blueberries blueberry
ğŸ¥|kiwi fruit
ğŸ…|fruit tomato vegetable
ğŸ«’|food olive
ğŸ¥¥|coconut palm piÃ±a colada
ğŸ¥‘|avocado food fruit
ğŸ†|aubergine eggplant vegetable
ğŸ¥”|food potato vegetable
ğŸ¥•|carrot food vegetable
ğŸŒ½|corn ear ear of corn maize maze
ğŸŒ¶|hot pepper
ğŸ«‘|bell pepper capsicum pepper vegetable
ğŸ¥’|cucumber food pickle vegetable
ğŸ¥¬|bok choy cabbage kale leafy green lettuce
ğŸ¥¦|broccoli wild cabbage
ğŸ§„|flavoring garlic
ğŸ§…|flavoring onion
ğŸ„|mushroom toadstool
ğŸ¥œ|food nut peanut peanuts vegetable
ğŸŒ°|chestnut plant
ğŸ|bread loaf
ğŸ¥|bread breakfast croissant food french roll
ğŸ¥–|baguette bread
ğŸ«“|arepa flatbread lavash naan pita
ğŸ¥¨|pretzel twisted convoluted
ğŸ¥¯|bagel bakery breakfast schmear
ğŸ¥|breakfast crÃªpe food hotcake pancake pancakes
ğŸ§‡|breakfast indecisive iron waffle
ğŸ§€|cheese cheese wedge
ğŸ–|bone meat meat on bone
ğŸ—|poultry leg
ğŸ¥©|chop cut of meat lambchop porkchop steak
ğŸ¥“|bacon breakfast food meat
ğŸ”|burger hamburger
ğŸŸ|french fries
ğŸ•|cheese pizza slice
ğŸŒ­|frankfurter hot dog hotdog sausage
ğŸ¥ª|bread sandwich
ğŸŒ®|mexican taco
ğŸŒ¯|burrito mexican wrap
ğŸ«”|mexican tamale wrapped
ğŸ¥™|stuffed flatbread
ğŸ§†|chickpea falafel meatball
ğŸ¥š|breakfast egg food
ğŸ³|breakfast cooking egg frying pan
ğŸ¥˜|casserole food paella pan shallow shallow pan of food
ğŸ²|pot pot of food stew
ğŸ«•|cheese chocolate fondue melted pot Swiss
ğŸ¥£|bowl with spoon breakfast cereal congee oatmeal porridge
ğŸ¥—|green salad
ğŸ¿|popcorn
ğŸ§ˆ|butter dairy
ğŸ§‚|condiment salt shaker
ğŸ¥«|can canned food
ğŸ±|bento box
ğŸ˜|rice cracker
ğŸ™|rice ball
ğŸš|cooked rice
ğŸ›|curry rice
ğŸœ|steaming bowl
ğŸ|pasta spaghetti
ğŸ |roasted sweet potato
ğŸ¢|kebab oden seafood skewer stick
ğŸ£|sushi
ğŸ¤|fried shrimp
ğŸ¥|cake fish fish cake with swirl pastry swirl
ğŸ¥®|autumn festival moon cake yuÃ¨bÇng
ğŸ¡|dango dessert Japanese skewer stick sweet
ğŸ¥Ÿ|dumpling empanada gyÅza jiaozi pierogi potsticker
ğŸ¥ |fortune cookie prophecy
ğŸ¥¡|oyster pail takeout box
ğŸ¦€|Cancer crab zodiac
ğŸ¦|bisque claws lobster seafood
ğŸ¦|food shellfish shrimp small
ğŸ¦‘|food molusc squid
ğŸ¦ª|diving oyster pearl
ğŸ¦|soft ice cream
ğŸ§|shaved ice
ğŸ¨|ice cream
ğŸ©|breakfast dessert donut doughnut sweet
ğŸª|cookie dessert sweet
ğŸ‚|birthday cake
ğŸ°|cake dessert pastry shortcake slice sweet
ğŸ§|bakery cupcake sweet
ğŸ¥§|filling pastry pie fruit meat
ğŸ«|chocolate bar
ğŸ¬|candy dessert sweet
ğŸ­|candy dessert lollipop sweet
ğŸ®|custard dessert pudding sweet
ğŸ¯|honey pot
ğŸ¼|baby bottle
ğŸ¥›|drink glass glass of milk milk
â˜•|hot beverage
ğŸ«–|drink pot tea teapot
ğŸµ|beverage cup drink tea teacup teacup without handle
ğŸ¶|bar beverage bottle cup drink sake
ğŸ¾|bar bottle bottle with popping cork cork drink popping
ğŸ·|wine glass
ğŸ¸|cocktail glass
ğŸ¹|tropical drink
ğŸº|beer mug
ğŸ»|bar beer clink clinking beer mugs drink mug
ğŸ¥‚|celebrate clink clinking glasses drink glass
ğŸ¥ƒ|tumbler glass
ğŸ¥¤|cup with straw juice soda malt soft drink water
ğŸ§‹|bubble tea
ğŸ§ƒ|beverage box
ğŸ§‰|drink mate
ğŸ§Š|cold ice ice cube iceberg
ğŸ¥¢|chopsticks hashi jeotgarak kuaizi
ğŸ½|cooking fork fork and knife with plate knife plate
ğŸ´|cooking cutlery fork fork and knife knife
ğŸ¥„|spoon tableware
ğŸ”ª|cooking hocho kitchen knife knife tool weapon
ğŸº|amphora Aquarius cooking drink jug zodiac
ğŸŒ|Africa earth Europe globe globe showing Europe-Africa world
ğŸŒ|Americas earth globe globe showing Americas world
ğŸŒ|Asia Australia earth globe globe showing Asia-Australia world
ğŸŒ|earth globe globe with meridians meridians world
ğŸ—º|world map
ğŸ—¾|Japan map map of Japan
ğŸ§­|compass magnetic navigation orienteering
ğŸ”|cold mountain snow snow-capped mountain
â›°|mountain
ğŸŒ‹|eruption mountain volcano
ğŸ—»|fuji mount fuji mountain
ğŸ•|camping
ğŸ–|beach beach with umbrella umbrella
ğŸœ|desert
ğŸ|desert island
ğŸ|national park park
ğŸŸ|stadium
ğŸ›|classical classical building
ğŸ—|building construction construction
ğŸ§±|brick bricks clay mortar wall
ğŸª¨|boulder heavy rock solid stone
ğŸªµ|log lumber timber wood
ğŸ›–|house hut roundhouse yurt
ğŸ˜|houses
ğŸš|derelict house
ğŸ |home house
ğŸ¡|garden home house house with garden
ğŸ¢|building office building
ğŸ£|Japanese Japanese post office post
ğŸ¤|European post post office
ğŸ¥|doctor hospital medicine
ğŸ¦|bank building
ğŸ¨|building hotel
ğŸ©|love hotel
ğŸª|convenience store
ğŸ«|building school
ğŸ¬|department store
ğŸ­|building factory
ğŸ¯|Japanese castle
ğŸ°|castle European
ğŸ’’|chapel romance wedding
ğŸ—¼|Tokyo tower
ğŸ—½|liberty statue Statue of Liberty
â›ª|Christian church cross religion
ğŸ•Œ|islam mosque Muslim religion
ğŸ›•|hindu temple
ğŸ•|Jew Jewish religion synagogue temple
â›©|shinto shrine
ğŸ•‹|islam kaaba Muslim religion
â›²|fountain
â›º|camping tent
ğŸŒ|fog foggy
ğŸŒƒ|night night with stars star
ğŸ™|city cityscape
ğŸŒ„|morning mountain sun sunrise sunrise over mountains
ğŸŒ…|morning sun sunrise
ğŸŒ†|city cityscape at dusk dusk evening landscape sunset
ğŸŒ‡|dusk sun sunset
ğŸŒ‰|bridge bridge at night night
â™¨|hot springs
ğŸ |carousel horse
ğŸ¡|ferris wheel
ğŸ¢|roller coaster
ğŸ’ˆ|barber pole
ğŸª|circus tent
ğŸš‚|engine locomotive railway steam train
ğŸšƒ|railway car
ğŸš„|high-speed train railway shinkansen speed train
ğŸš…|bullet train
ğŸš†|railway train
ğŸš‡|metro subway
ğŸšˆ|light rail railway
ğŸš‰|railway station train
ğŸšŠ|tram trolleybus
ğŸš|monorail vehicle
ğŸš|mountain railway
ğŸš‹|tram car
ğŸšŒ|bus vehicle
ğŸš|oncoming bus
ğŸš|bus tram trolley trolleybus
ğŸš|bus minibus
ğŸš‘|ambulance vehicle
ğŸš’|fire engine
ğŸš“|police car
ğŸš”|oncoming police car
ğŸš•|taxi vehicle
ğŸš–|oncoming taxi
ğŸš—|automobile car
ğŸš˜|oncoming automobile
ğŸš™|recreational sport utility sport utility vehicle
ğŸ›»|pickup truck
ğŸšš|delivery truck
ğŸš›|articulated lorry lorry semi truck
ğŸšœ|tractor vehicle
ğŸ|racing car
ğŸ|motorcycle racing
ğŸ›µ|motor scooter
ğŸ¦½|accessibility manual wheelchair
ğŸ¦¼|accessibility motorized wheelchair
ğŸ›º|auto rickshaw tuk tuk
ğŸš²|bicycle bike
ğŸ›´|kick scooter
ğŸ›¹|board skateboard
ğŸ›¼|roller skate
ğŸš|bus stop
ğŸ›£|highway motorway road
ğŸ›¤|railway railway track train
ğŸ›¢|oil drum
â›½|fuel pump
ğŸš¨|police car light
ğŸš¥|horizontal traffic light light signal traffic
ğŸš¦|light signal traffic vertical traffic light
ğŸ›‘|stop sign
ğŸš§|barrier construction
âš“|anchor ship tool
â›µ|boat resort sailboat sea yacht
ğŸ›¶|boat canoe
ğŸš¤|boat speedboat
ğŸ›³|passenger ship
â›´|boat ferry passenger
ğŸ›¥|boat motor boat motorboat
ğŸš¢|boat passenger ship
âœˆ|aeroplane airplane
ğŸ›©|aeroplane airplane small airplane
ğŸ›«|airplane departure
ğŸ›¬|aeroplane airplane airplane arrival arrivals arriving landing
ğŸª‚|hang-glide parachute parasail skydive
ğŸ’º|chair seat
ğŸš|helicopter vehicle
ğŸšŸ|suspension railway
ğŸš |cable gondola mountain mountain cableway
ğŸš¡|aerial tramway
ğŸ›°|satellite space
ğŸš€|rocket space
ğŸ›¸|flying saucer UFO
ğŸ›|bellhop bell
ğŸ§³|luggage packing travel
âŒ›|hourglass done sand timer
â³|hourglass hourglass not done sand timer
âŒš|clock watch
â°|alarm clock
â±|clock stopwatch
â²|timer clock
ğŸ•°|clock mantelpiece clock
ğŸ•›|twelve oâ€™clock
ğŸ•§|12 12:30 clock thirty twelve twelve-thirty
ğŸ•|one oâ€™clock
ğŸ•œ|1 1:30 clock one one-thirty thirty
ğŸ•‘|two oâ€™clock
ğŸ•|2 2:30 clock thirty two two-thirty
ğŸ•’|three oâ€™clock
ğŸ•|3 3:30 clock thirty three three-thirty
ğŸ•“|four oâ€™clock
ğŸ•Ÿ|4 4:30 clock four four-thirty thirty
ğŸ•”|five oâ€™clock
ğŸ• |5 5:30 clock five five-thirty thirty
ğŸ••|six oâ€™clock
ğŸ•¡|6 6:30 clock six six-thirty thirty
ğŸ•–|seven oâ€™clock
ğŸ•¢|7 7:30 clock seven seven-thirty thirty
ğŸ•—|eight oâ€™clock
ğŸ•£|8 8:30 clock eight eight-thirty thirty
ğŸ•˜|nine oâ€™clock
ğŸ•¤|9 9:30 clock nine nine-thirty thirty
ğŸ•™|ten oâ€™clock
ğŸ•¥|10 10:30 clock ten ten-thirty thirty
ğŸ•š|eleven oâ€™clock
ğŸ•¦|11 11:30 clock eleven eleven-thirty thirty
ğŸŒ‘|dark moon new moon
ğŸŒ’|waxing crescent moon
ğŸŒ“|first quarter moon moon quarter
ğŸŒ”|waxing gibbous moon
ğŸŒ•|full moon
ğŸŒ–|waning gibbous moon
ğŸŒ—|last quarter moon moon quarter
ğŸŒ˜|waning crescent moon
ğŸŒ™|crescent moon
ğŸŒš|face moon new moon face
ğŸŒ›|face first quarter moon face moon quarter
ğŸŒœ|face last quarter moon face moon quarter
ğŸŒ¡|thermometer weather
â˜€|bright rays sun sunny
ğŸŒ|full moon face
ğŸŒ|bright face sun sun with face
ğŸª|ringed planet saturn saturnine
â­|star
ğŸŒŸ|glittery glow glowing star shining sparkle star
ğŸŒ |shooting star
ğŸŒŒ|milky way space
â˜|cloud weather
â›…|cloud sun sun behind cloud
â›ˆ|cloud cloud with lightning and rain rain thunder
ğŸŒ¤|cloud sun sun behind small cloud
ğŸŒ¥|cloud sun sun behind large cloud
ğŸŒ¦|cloud rain sun sun behind rain cloud
ğŸŒ§|cloud cloud with rain rain
ğŸŒ¨|cloud cloud with snow cold snow
ğŸŒ©|cloud cloud with lightning lightning
ğŸŒª|cloud tornado whirlwind
ğŸŒ«|cloud fog
ğŸŒ¬|wind face
ğŸŒ€|cyclone dizzy hurricane twister typhoon
ğŸŒˆ|rain rainbow
ğŸŒ‚|closed umbrella clothing rain umbrella
â˜‚|clothing rain umbrella
â˜”|clothing drop rain umbrella umbrella with rain drops
â›±|rain sun umbrella umbrella on ground
âš¡|danger electric high voltage lightning voltage zap
â„|cold snow snowflake
â˜ƒ|cold snow snowman
â›„|cold snow snowman snowman without snow
â˜„|comet space
ğŸ”¥|fire flame tool
ğŸ’§|cold comic drop droplet sweat
ğŸŒŠ|water wave
ğŸƒ|celebration halloween jack jack-o-lantern lantern
ğŸ„|Christmas tree
ğŸ†|celebration fireworks
ğŸ‡|celebration fireworks sparkle sparkler
ğŸ§¨|dynamite explosive firecracker fireworks
âœ¨|* sparkle sparkles star
ğŸˆ|balloon celebration
ğŸ‰|party popper
ğŸŠ|confetti ball
ğŸ‹|banner celebration Japanese tanabata tree tree
ğŸ|bamboo celebration Japanese pine pine decoration
ğŸ|celebration doll festival Japanese Japanese dolls
ğŸ|carp streamer
ğŸ|wind chime
ğŸ‘|celebration ceremony moon moon viewing ceremony
ğŸ§§|gift good luck hÃ³ngbÄo lai see money red envelope
ğŸ€|celebration ribbon
ğŸ|wrapped gift
ğŸ—|reminder ribbon
ğŸŸ|admission admission tickets ticket
ğŸ«|admission ticket
ğŸ–|military medal
ğŸ†|prize trophy
ğŸ…|medal sports medal
ğŸ¥‡|1st place medal first gold medal
ğŸ¥ˆ|2nd place medal medal second silver
ğŸ¥‰|3rd place medal bronze medal third
âš½|soccer ball
âš¾|ball baseball
ğŸ¥|ball glove softball underarm
ğŸ€|ball basketball hoop
ğŸ|ball game volleyball
ğŸˆ|american football
ğŸ‰|rugby football
ğŸ¾|ball racquet tennis
ğŸ¥|flying disc ultimate
ğŸ³|ball bowling game
ğŸ|ball bat cricket game game
ğŸ‘|field hockey
ğŸ’|ice hockey
ğŸ¥|ball goal lacrosse stick
ğŸ“|ball bat game paddle ping pong table tennis
ğŸ¸|badminton birdie game racquet shuttlecock
ğŸ¥Š|boxing glove
ğŸ¥‹|judo karate martial arts martial arts uniform taekwondo uniform
ğŸ¥…|goal net
â›³|flag in hole golf hole
â›¸|ice skate
ğŸ£|fish fishing pole pole
ğŸ¤¿|diving diving mask scuba snorkeling
ğŸ½|running shirt
ğŸ¿|ski skis snow
ğŸ›·|sled sledge sleigh luge toboggan
ğŸ¥Œ|curling stone game rock
ğŸ¯|bullseye dart direct hit game hit target
ğŸª€|fluctuate toy yo-yo
ğŸª|fly kite soar
ğŸ±|8 ball billiard eight game pool 8 ball
ğŸ”®|crystal ball
ğŸª„|magic magic wand witch wizard
ğŸ§¿|bead charm evil-eye nazar nazar amulet talisman
ğŸ®|controller game video game
ğŸ•¹|game joystick video game
ğŸ°|game slot slot machine
ğŸ²|game die
ğŸ§©|puzzle piece
ğŸ§¸|plaything plush stuffed teddy bear toy
ğŸª…|celebration party piÃ±ata
ğŸª†|doll nesting nesting dolls russia
â™ |card game spade suit
â™¥|card game heart suit
â™¦|card diamond suit game
â™£|card club suit game
â™Ÿ|chess chess pawn dupe expendable
ğŸƒ|card game joker wildcard
ğŸ€„|game mahjong mahjong red dragon red
ğŸ´|card flower flower playing cards game Japanese playing
ğŸ­|art mask performing performing arts theater theatre
ğŸ–¼|art frame framed picture museum painting picture
ğŸ¨|art artist palette museum painting palette
ğŸ§µ|needle sewing spool string thread
ğŸª¡|sewing needle
ğŸ§¶|ball crochet knit yarn
ğŸª¢|knot rope tangled tie twine twist
ğŸ‘“|clothing eye eyeglasses eyewear glasses
ğŸ•¶|dark eye eyewear glasses sunglasses
ğŸ¥½|eye protection goggles swimming welding
ğŸ¥¼|doctor experiment lab coat scientist
ğŸ¦º|safety vest
ğŸ‘”|clothing necktie tie
ğŸ‘•|clothing shirt t-shirt tshirt
ğŸ‘–|clothing jeans pants trousers
ğŸ§£|neck scarf
ğŸ§¤|gloves hand
ğŸ§¥|coat jacket
ğŸ§¦|socks stocking
ğŸ‘—|clothing dress
ğŸ‘˜|clothing kimono
ğŸ¥»|clothing dress sari
ğŸ©±|bathing suit one-piece swimsuit
ğŸ©²|bathing suit briefs one-piece swimsuit underwear
ğŸ©³|bathing suit pants shorts underwear
ğŸ‘™|bikini clothing swim
ğŸ‘š|clothing woman womanâ€™s clothes
ğŸ‘›|clothing coin purse
ğŸ‘œ|bag clothing handbag purse
ğŸ‘|bag clothing clutch bag pouch
ğŸ›|bag hotel shopping shopping bags
ğŸ’|backpack bag rucksack satchel school
ğŸ©´|beach sandals sandals thong sandal thong sandals thongs zÅri
ğŸ‘|clothing man manâ€™s shoe shoe
ğŸ‘Ÿ|athletic clothing running shoe shoe sneaker
ğŸ¥¾|hiking boot
ğŸ¥¿|ballet flat flat shoe slip-on slipper
ğŸ‘ |clothing heel high-heeled shoe shoe woman
ğŸ‘¡|clothing sandal shoe woman womanâ€™s sandal
ğŸ©°|ballet ballet shoes dance
ğŸ‘¢|boot clothing shoe woman womanâ€™s boot
ğŸ‘‘|clothing crown king queen
ğŸ‘’|clothing hat woman womanâ€™s hat
ğŸ©|top hat
ğŸ“|graduation cap
ğŸ§¢|baseball cap billed cap
ğŸª–|military helmet
â›‘|aid cross face hat helmet rescue workerâ€™s helmet
ğŸ“¿|prayer beads
ğŸ’„|cosmetics lipstick makeup
ğŸ’|diamond ring
ğŸ’|diamond gem gem stone jewel
ğŸ”‡|mute muted speaker quiet silent speaker
ğŸ”ˆ|soft speaker low volume
ğŸ”‰|medium speaker medium volume
ğŸ”Š|loud speaker high volume
ğŸ“¢|loud loudspeaker public address
ğŸ“£|cheering megaphone
ğŸ“¯|postal horn
ğŸ””|bell
ğŸ”•|bell bell with slash forbidden mute quiet silent
ğŸ¼|music musical score score
ğŸµ|music musical note note
ğŸ¶|music musical notes note notes
ğŸ™|studio microphone
ğŸš|level slider
ğŸ›|control knobs
ğŸ¤|karaoke mic microphone
ğŸ§|earbud headphone
ğŸ“»|radio video
ğŸ·|instrument music sax saxophone
ğŸª—|accordian accordion concertina squeeze box
ğŸ¸|guitar instrument music
ğŸ¹|instrument keyboard music musical keyboard piano
ğŸº|instrument music trumpet
ğŸ»|instrument music violin
ğŸª•|banjo music stringed
ğŸ¥|drum drumsticks music
ğŸª˜|beat conga drum long drum rhythm
ğŸ“±|mobile phone
ğŸ“²|arrow cell mobile mobile phone with arrow phone receive
â˜|phone telephone
ğŸ“|telephone receiver
ğŸ“Ÿ|pager
ğŸ“ |fax fax machine
ğŸ”‹|battery
ğŸ”Œ|electric plug
ğŸ’»|computer laptop pc personal
ğŸ–¥|desktop computer
ğŸ–¨|computer printer
âŒ¨|computer keyboard
ğŸ–±|computer computer mouse
ğŸ–²|computer trackball
ğŸ’½|computer disk
ğŸ’¾|floppy disk
ğŸ’¿|optical disk
ğŸ“€|blu-ray computer disk dvd optical
ğŸ§®|abacus calculation
ğŸ¥|movie camera
ğŸ|film frames
ğŸ“½|film projector
ğŸ¬|clapper clapper board movie
ğŸ“º|television tv video
ğŸ“·|camera video
ğŸ“¸|camera camera with flash flash video
ğŸ“¹|video camera
ğŸ“¼|tape vhs video videocassette
ğŸ”|glass magnifying magnifying glass tilted left search tool
ğŸ”|glass magnifying magnifying glass tilted right search tool
ğŸ•¯|candle light
ğŸ’¡|light bulb
ğŸ”¦|electric flashlight light tool torch
ğŸ®|bar lantern light red red paper lantern
ğŸª”|diya lamp
ğŸ“”|book cover decorated notebook notebook with decorative cover
ğŸ“•|closed book
ğŸ“–|open book
ğŸ“—|green book
ğŸ“˜|blue book
ğŸ“™|orange book
ğŸ“š|book books
ğŸ““|notebook
ğŸ“’|ledger notebook
ğŸ“ƒ|curl document page page with curl
ğŸ“œ|paper scroll
ğŸ“„|document page page facing up
ğŸ“°|news newspaper paper
ğŸ—|news newspaper paper rolled rolled-up newspaper
ğŸ“‘|bookmark tabs
ğŸ”–|bookmark mark
ğŸ·|label
ğŸ’°|money bag
ğŸª™|coin gold metal money silver treasure
ğŸ’´|yen banknote
ğŸ’µ|dollar banknote
ğŸ’¶|euro banknote
ğŸ’·|pound banknote
ğŸ’¸|banknote bill fly money money with wings wings
ğŸ’³|credit card
ğŸ§¾|accounting bookkeeping evidence proof receipt
ğŸ’¹|chart chart increasing with yen graph growth money yen
âœ‰|email envelope letter
ğŸ“§|e-mail email letter mail
ğŸ“¨|incoming envelope
ğŸ“©|arrow e-mail email envelope envelope with arrow outgoing
ğŸ“¤|outbox tray
ğŸ“¥|inbox tray
ğŸ“¦|box package parcel
ğŸ“«|closed closed mailbox with raised flag mail mailbox postbox
ğŸ“ª|closed closed mailbox with lowered flag lowered mail mailbox postbox
ğŸ“¬|mail mailbox open open mailbox with raised flag postbox
ğŸ“­|lowered mail mailbox open open mailbox with lowered flag postbox
ğŸ“®|mail mailbox postbox
ğŸ—³|ballot ballot box with ballot box
âœ|pencil
âœ’|black nib nib pen
ğŸ–‹|fountain pen
ğŸ–Š|ballpoint pen
ğŸ–Œ|paintbrush painting
ğŸ–|crayon
ğŸ“|memo pencil
ğŸ’¼|briefcase
ğŸ“|file folder
ğŸ“‚|open file folder
ğŸ—‚|card index dividers
ğŸ“…|calendar date
ğŸ“†|calendar tear-off calendar
ğŸ—’|note pad spiral spiral notepad
ğŸ—“|spiral calendar
ğŸ“‡|card index
ğŸ“ˆ|chart chart increasing graph growth trend upward
ğŸ“‰|chart chart decreasing down graph trend
ğŸ“Š|bar chart
ğŸ“‹|clipboard
ğŸ“Œ|pin pushpin
ğŸ“|pin pushpin round pushpin
ğŸ“|paperclip
ğŸ–‡|link linked paperclips paperclip
ğŸ“|ruler straight edge straight ruler
ğŸ“|ruler set triangle triangular ruler
âœ‚|cutting scissors tool
ğŸ—ƒ|card file box
ğŸ—„|file cabinet
ğŸ—‘|wastebasket
ğŸ”’|closed locked
ğŸ”“|lock open unlock unlocked
ğŸ”|ink lock locked with pen nib pen privacy
ğŸ”|closed key lock locked with key secure
ğŸ”‘|key lock password
ğŸ—|old key
ğŸ”¨|hammer tool
ğŸª“|axe chop hatchet split wood
â›|mining pick tool
âš’|hammer hammer and pick pick tool
ğŸ› |hammer hammer and wrench spanner tool wrench
ğŸ—¡|dagger knife weapon
âš”|crossed swords
ğŸ”«|water pistol
ğŸªƒ|australia boomerang rebound repercussion
ğŸ¹|archer arrow bow bow and arrow Sagittarius zodiac
ğŸ›¡|shield weapon
ğŸªš|carpenter carpentry saw lumber saw tool
ğŸ”§|spanner tool wrench
ğŸª›|screw screwdriver tool
ğŸ”©|bolt nut nut and bolt tool
âš™|cog cogwheel gear tool
ğŸ—œ|clamp compress tool vice
âš–|balance scale
ğŸ¦¯|accessibility blind white cane
ğŸ”—|link
â›“|chain chains
ğŸª|catch crook curve ensnare hook selling point
ğŸ§°|chest mechanic tool toolbox
ğŸ§²|attraction horseshoe magnet magnetic
ğŸªœ|climb ladder rung step
âš—|alembic chemistry tool
ğŸ§ª|chemist chemistry experiment lab science test tube
ğŸ§«|bacteria biologist biology culture lab petri dish
ğŸ§¬|biologist dna evolution gene genetics life
ğŸ”¬|microscope science tool
ğŸ”­|science telescope tool
ğŸ“¡|satellite antenna
ğŸ’‰|medicine needle shot sick syringe
ğŸ©¸|bleed blood donation drop of blood injury medicine menstruation
ğŸ’Š|doctor medicine pill sick
ğŸ©¹|adhesive bandage bandage
ğŸ©º|doctor heart medicine stethoscope
ğŸšª|door
ğŸ›—|accessibility elevator hoist lift
ğŸª|mirror reflection reflector speculum
ğŸªŸ|frame fresh air opening transparent view window
ğŸ›|bed hotel sleep
ğŸ›‹|couch couch and lamp hotel lamp
ğŸª‘|chair seat sit
ğŸš½|toilet
ğŸª |force cup plumber plunger suction toilet
ğŸš¿|shower water
ğŸ›|bath bathtub
ğŸª¤|bait mouse trap mousetrap snare trap
ğŸª’|razor sharp shave
ğŸ§´|lotion lotion bottle moisturizer shampoo sunscreen
ğŸ§·|diaper punk rock safety pin
ğŸ§¹|broom cleaning sweeping witch
ğŸ§º|basket farming laundry picnic
ğŸ§»|paper towels roll of paper toilet paper
ğŸª£|bucket cask pail vat
ğŸ§¼|bar bathing cleaning lather soap soapdish
ğŸª¥|bathroom brush clean dental hygiene teeth toothbrush
ğŸ§½|absorbing cleaning porous sponge
ğŸ§¯|extinguish fire fire extinguisher quench
ğŸ›’|shopping cart
ğŸš¬|cigarette smoking
âš°|coffin death
ğŸª¦|cemetery grave graveyard headstone tombstone
âš±|funeral urn
ğŸ—¿|face moai moyai statue
ğŸª§|demonstration picket placard protest sign
ğŸ§|atm ATM sign automated bank teller
ğŸš®|litter litter bin litter in bin sign
ğŸš°|potable water
â™¿|access wheelchair symbol
ğŸš¹|lavatory man menâ€™s room restroom wc
ğŸšº|lavatory restroom wc woman womenâ€™s room
ğŸš»|lavatory restroom WC
ğŸš¼|baby baby symbol changing
ğŸš¾|water closet
ğŸ›‚|passport control
ğŸ›ƒ|customs
ğŸ›„|baggage claim
ğŸ›…|baggage left luggage locker luggage
âš |warning
ğŸš¸|child children crossing crossing pedestrian traffic
â›”|no entry
ğŸš«|entry forbidden no not prohibited
ğŸš³|bicycle bike forbidden no no bicycles prohibited
ğŸš­|no smoking
ğŸš¯|forbidden litter no no littering not prohibited
ğŸš±|non-potable water
ğŸš·|forbidden no no pedestrians not pedestrian prohibited
ğŸ“µ|cell forbidden mobile no no mobile phones phone
ğŸ”|18 age restriction eighteen no one under eighteen prohibited underage
â˜¢|radioactive sign
â˜£|biohazard sign
â¬†|arrow cardinal direction north up arrow
â†—|arrow direction intercardinal northeast up-right arrow
â¡|arrow cardinal direction east right arrow
â†˜|arrow direction down-right arrow intercardinal southeast
â¬‡|down arrow
â†™|arrow direction down-left arrow intercardinal southwest
â¬…|arrow cardinal direction left arrow west
â†–|arrow direction intercardinal northwest up-left arrow
â†•|arrow up-down arrow
â†”|arrow left-right arrow
â†©|arrow right arrow curving left
â†ª|arrow left arrow curving right
â¤´|arrow right arrow curving up
â¤µ|arrow down right arrow curving down
ğŸ”ƒ|arrow clockwise clockwise vertical arrows reload
ğŸ”„|anticlockwise arrow counterclockwise counterclockwise arrows button withershins
ğŸ”™|arrow back BACK arrow
ğŸ”š|arrow end END arrow
ğŸ”›|arrow mark on ON! arrow
ğŸ”œ|arrow soon SOON arrow
ğŸ”|arrow top TOP arrow up
ğŸ›|place of worship religion worship
âš›|atheist atom atom symbol
ğŸ•‰|Hindu om religion
âœ¡|David Jew Jewish religion star star of David
â˜¸|Buddhist dharma religion wheel wheel of dharma
â˜¯|yin yang
âœ|Christian cross latin cross religion
â˜¦|Christian cross orthodox cross religion
â˜ª|islam Muslim religion star and crescent
â˜®|peace peace symbol
ğŸ•|candelabrum candlestick menorah religion
ğŸ”¯|dotted six-pointed star fortune star
â™ˆ|Aries ram zodiac
â™‰|bull ox Taurus zodiac
â™Š|Gemini twins zodiac
â™‹|Cancer crab zodiac
â™Œ|Leo lion zodiac
â™|Virgo zodiac
â™|balance justice Libra scales zodiac
â™|Scorpio scorpion scorpius zodiac
â™|archer Sagittarius zodiac
â™‘|Capricorn goat zodiac
â™’|Aquarius bearer water zodiac
â™“|fish Pisces zodiac
â›|bearer Ophiuchus serpent snake zodiac
ğŸ”€|arrow crossed shuffle tracks button
ğŸ”|arrow clockwise repeat repeat button
ğŸ”‚|arrow clockwise once repeat single button
â–¶|arrow play play button right triangle
â©|arrow double fast fast-forward button forward
â­|arrow next scene next track next track button triangle
â¯|arrow pause play play or pause button right triangle
â—€|arrow left reverse reverse button triangle
âª|arrow double fast reverse button rewind
â®|arrow last track button previous scene previous track triangle
ğŸ”¼|arrow button red upwards button
â«|arrow double fast up button
ğŸ”½|arrow button down downwards button red
â¬|arrow double down fast down button
â¸|bar double pause pause button vertical
â¹|square stop stop button
âº|circle record record button
â|eject eject button
ğŸ¦|camera cinema film movie
ğŸ”…|brightness dim dim button low
ğŸ”†|bright bright button brightness
ğŸ“¶|antenna antenna bars bar cell mobile phone
ğŸ“³|vibration mode
ğŸ“´|mobile phone off
â™€|female sign woman
â™‚|male sign man
âš§|transgender transgender symbol
âœ–|Ã— cancel multiplication multiply sign x
â•|+ math plus sign
â–|- âˆ’ math minus sign
â—|Ã· divide division math sign
â™¾|forever infinity unbounded universal
â€¼|! !! bangbang double exclamation mark exclamation mark
â‰|exclamation question mark
â“|? mark punctuation question red question mark
â”|? mark outlined punctuation question white question mark
â•|! exclamation mark outlined punctuation white exclamation mark
â—|! exclamation mark punctuation red exclamation mark
ã€°|wavy dash
ğŸ’±|currency exchange
ğŸ’²|currency dollar heavy dollar sign money
âš•|aesculapius medical symbol medicine staff
â™»|recycle recycling symbol
âšœ|fleur-de-lis
ğŸ”±|trident emblem
ğŸ“›|name badge
ğŸ”°|beginner chevron Japanese Japanese symbol for beginner leaf
â­•|circle hollow red circle large o red
âœ…|check mark button
â˜‘|âœ“ box check check box with check
âœ”|check mark
âŒ|cross mark
â|Ã— cross mark button mark square x
â°|curl curly loop loop
â¿|curl double double curly loop loop
ã€½|mark part part alternation mark
âœ³|* asterisk eight-spoked asterisk
âœ´|* eight-pointed star star
â‡|* sparkle
Â©|c copyright
Â®|r registered
â„¢|mark tm trade mark trademark
#ï¸âƒ£|keycap: #
*ï¸âƒ£|keycap: *
0ï¸âƒ£|keycap: 0
1ï¸âƒ£|keycap: 1
2ï¸âƒ£|keycap: 2
3ï¸âƒ£|keycap: 3
4ï¸âƒ£|keycap: 4
5ï¸âƒ£|keycap: 5
6ï¸âƒ£|keycap: 6
7ï¸âƒ£|keycap: 7
8ï¸âƒ£|keycap: 8
9ï¸âƒ£|keycap: 9
ğŸ”Ÿ|keycap: 10
ğŸ” |input latin uppercase
ğŸ”¡|input latin lowercase
ğŸ”¢|input numbers
ğŸ”£|ã€’â™ª&% input input symbols
ğŸ”¤|input latin letters
ğŸ…°|a A button (blood type) blood type
ğŸ†|ab AB button (blood type) blood type
ğŸ…±|b B button (blood type) blood type
ğŸ†‘|cl CL button
ğŸ†’|cool COOL button
ğŸ†“|free FREE button
â„¹|i information
ğŸ†”|id ID button identity
â“‚|circle circled M m
ğŸ†•|new NEW button
ğŸ†–|ng NG button
ğŸ…¾|blood type o O button (blood type)
ğŸ†—|OK OK button
ğŸ…¿|P button parking
ğŸ†˜|help sos SOS button
ğŸ†™|mark up UP! button
ğŸ†š|versus vs VS button
ğŸˆ|â€œhereâ€ Japanese Japanese â€œhereâ€ button katakana ã‚³ã‚³
ğŸˆ‚|â€œservice chargeâ€ Japanese Japanese â€œservice chargeâ€ button katakana ã‚µ
ğŸˆ·|â€œmonthly amountâ€ ideograph Japanese Japanese â€œmonthly amountâ€ button æœˆ
ğŸˆ¶|â€œnot free of chargeâ€ ideograph Japanese Japanese â€œnot free of chargeâ€ button æœ‰
ğŸˆ¯|â€œreservedâ€ ideograph Japanese Japanese â€œreservedâ€ button æŒ‡
ğŸ‰|â€œbargainâ€ ideograph Japanese Japanese â€œbargainâ€ button å¾—
ğŸˆ¹|â€œdiscountâ€ ideograph Japanese Japanese â€œdiscountâ€ button å‰²
ğŸˆš|â€œfree of chargeâ€ ideograph Japanese Japanese â€œfree of chargeâ€ button ç„¡
ğŸˆ²|â€œprohibitedâ€ ideograph Japanese Japanese â€œprohibitedâ€ button ç¦
ğŸ‰‘|â€œacceptableâ€ ideograph Japanese Japanese â€œacceptableâ€ button å¯
ğŸˆ¸|â€œapplicationâ€ ideograph Japanese Japanese â€œapplicationâ€ button ç”³
ğŸˆ´|â€œpassing gradeâ€ ideograph Japanese Japanese â€œpassing gradeâ€ button åˆ
ğŸˆ³|â€œvacancyâ€ ideograph Japanese Japanese â€œvacancyâ€ button ç©º
ãŠ—|â€œcongratulationsâ€ ideograph Japanese Japanese â€œcongratulationsâ€ button ç¥
ãŠ™|â€œsecretâ€ ideograph Japanese Japanese â€œsecretâ€ button ç§˜
ğŸˆº|â€œopen for businessâ€ ideograph Japanese Japanese â€œopen for businessâ€ button å–¶
ğŸˆµ|â€œno vacancyâ€ ideograph Japanese Japanese â€œno vacancyâ€ button æº€
ğŸ”´|red circle
ğŸŸ |orange circle
ğŸŸ¡|yellow circle
ğŸŸ¢|green circle
ğŸ”µ|blue circle
ğŸŸ£|purple circle
ğŸŸ¤|brown circle
âš«|black circle circle geometric
âšª|circle geometric white circle
ğŸŸ¥|red square
ğŸŸ§|orange square
ğŸŸ¨|yellow square
ğŸŸ©|green square
ğŸŸ¦|blue square
ğŸŸª|purple square
ğŸŸ«|brown square
â¬›|black large square geometric square
â¬œ|geometric square white large square
â—¼|black medium square geometric square
â—»|geometric square white medium square
â—¾|black medium-small square geometric square
â—½|geometric square white medium-small square
â–ª|black small square geometric square
â–«|geometric square white small square
ğŸ”¶|diamond geometric large orange diamond orange
ğŸ”·|blue diamond geometric large blue diamond
ğŸ”¸|diamond geometric orange small orange diamond
ğŸ”¹|blue diamond geometric small blue diamond
ğŸ”º|geometric red red triangle pointed up
ğŸ”»|down geometric red red triangle pointed down
ğŸ’ |comic diamond diamond with a dot geometric inside
ğŸ”˜|radio button
ğŸ”³|button geometric outlined square white square button
ğŸ”²|black square button button geometric square
ğŸ|checkered chequered chequered flag racing
ğŸš©|post triangular flag
ğŸŒ|celebration cross crossed crossed flags Japanese
ğŸ´|black flag waving
ğŸ³|waving white flag
ğŸ³ï¸â€ğŸŒˆ|pride rainbow rainbow flag
ğŸ³ï¸â€âš§ï¸|transgender flag
ğŸ´â€â˜ ï¸|Jolly Roger pirate pirate flag plunder treasure
ğŸ‡¦ğŸ‡¨|flag: Ascension Island
ğŸ‡¦ğŸ‡©|flag: Andorra
ğŸ‡¦ğŸ‡ª|flag: United Arab Emirates
ğŸ‡¦ğŸ‡«|flag: Afghanistan
ğŸ‡¦ğŸ‡¬|flag: Antigua & Barbuda
ğŸ‡¦ğŸ‡®|flag: Anguilla
ğŸ‡¦ğŸ‡±|flag: Albania
ğŸ‡¦ğŸ‡²|flag: Armenia
ğŸ‡¦ğŸ‡´|flag: Angola
ğŸ‡¦ğŸ‡¶|flag: Antarctica
ğŸ‡¦ğŸ‡·|flag: Argentina
ğŸ‡¦ğŸ‡¸|flag: American Samoa
ğŸ‡¦ğŸ‡¹|flag: Austria
ğŸ‡¦ğŸ‡º|flag: Australia
ğŸ‡¦ğŸ‡¼|flag: Aruba
ğŸ‡¦ğŸ‡½|flag: Ã…land Islands
ğŸ‡¦ğŸ‡¿|flag: Azerbaijan
ğŸ‡§ğŸ‡¦|flag: Bosnia & Herzegovina
ğŸ‡§ğŸ‡§|flag: Barbados
ğŸ‡§ğŸ‡©|flag: Bangladesh
ğŸ‡§ğŸ‡ª|flag: Belgium
ğŸ‡§ğŸ‡«|flag: Burkina Faso
ğŸ‡§ğŸ‡¬|flag: Bulgaria
ğŸ‡§ğŸ‡­|flag: Bahrain
ğŸ‡§ğŸ‡®|flag: Burundi
ğŸ‡§ğŸ‡¯|flag: Benin
ğŸ‡§ğŸ‡±|flag: St. BarthÃ©lemy
ğŸ‡§ğŸ‡²|flag: Bermuda
ğŸ‡§ğŸ‡³|flag: Brunei
ğŸ‡§ğŸ‡´|flag: Bolivia
ğŸ‡§ğŸ‡¶|flag: Caribbean Netherlands
ğŸ‡§ğŸ‡·|flag: Brazil
ğŸ‡§ğŸ‡¸|flag: Bahamas
ğŸ‡§ğŸ‡¹|flag: Bhutan
ğŸ‡§ğŸ‡»|flag: Bouvet Island
ğŸ‡§ğŸ‡¼|flag: Botswana
ğŸ‡§ğŸ‡¾|flag: Belarus
ğŸ‡§ğŸ‡¿|flag: Belize
ğŸ‡¨ğŸ‡¦|flag: Canada
ğŸ‡¨ğŸ‡¨|flag: Cocos (Keeling) Islands
ğŸ‡¨ğŸ‡©|flag: Congo - Kinshasa
ğŸ‡¨ğŸ‡«|flag: Central African Republic
ğŸ‡¨ğŸ‡¬|flag: Congo - Brazzaville
ğŸ‡¨ğŸ‡­|flag: Switzerland
ğŸ‡¨ğŸ‡®|flag: CÃ´te dâ€™Ivoire
ğŸ‡¨ğŸ‡°|flag: Cook Islands
ğŸ‡¨ğŸ‡±|flag: Chile
ğŸ‡¨ğŸ‡²|flag: Cameroon
ğŸ‡¨ğŸ‡³|flag: China
ğŸ‡¨ğŸ‡´|flag: Colombia
ğŸ‡¨ğŸ‡µ|flag: Clipperton Island
ğŸ‡¨ğŸ‡·|flag: Costa Rica
ğŸ‡¨ğŸ‡º|flag: Cuba
ğŸ‡¨ğŸ‡»|flag: Cape Verde
ğŸ‡¨ğŸ‡¼|flag: CuraÃ§ao
ğŸ‡¨ğŸ‡½|flag: Christmas Island
ğŸ‡¨ğŸ‡¾|flag: Cyprus
ğŸ‡¨ğŸ‡¿|flag: Czechia
ğŸ‡©ğŸ‡ª|flag: Germany
ğŸ‡©ğŸ‡¬|flag: Diego Garcia
ğŸ‡©ğŸ‡¯|flag: Djibouti
ğŸ‡©ğŸ‡°|flag: Denmark
ğŸ‡©ğŸ‡²|flag: Dominica
ğŸ‡©ğŸ‡´|flag: Dominican Republic
ğŸ‡©ğŸ‡¿|flag: Algeria
ğŸ‡ªğŸ‡¦|flag: Ceuta & Melilla
ğŸ‡ªğŸ‡¨|flag: Ecuador
ğŸ‡ªğŸ‡ª|flag: Estonia
ğŸ‡ªğŸ‡¬|flag: Egypt
ğŸ‡ªğŸ‡­|flag: Western Sahara
ğŸ‡ªğŸ‡·|flag: Eritrea
ğŸ‡ªğŸ‡¸|flag: Spain
ğŸ‡ªğŸ‡¹|flag: Ethiopia
ğŸ‡ªğŸ‡º|flag: European Union
ğŸ‡«ğŸ‡®|flag: Finland
ğŸ‡«ğŸ‡¯|flag: Fiji
ğŸ‡«ğŸ‡°|flag: Falkland Islands
ğŸ‡«ğŸ‡²|flag: Micronesia
ğŸ‡«ğŸ‡´|flag: Faroe Islands
ğŸ‡«ğŸ‡·|flag: France
ğŸ‡¬ğŸ‡¦|flag: Gabon
ğŸ‡¬ğŸ‡§|flag: United Kingdom
ğŸ‡¬ğŸ‡©|flag: Grenada
ğŸ‡¬ğŸ‡ª|flag: Georgia
ğŸ‡¬ğŸ‡«|flag: French Guiana
ğŸ‡¬ğŸ‡¬|flag: Guernsey
ğŸ‡¬ğŸ‡­|flag: Ghana
ğŸ‡¬ğŸ‡®|flag: Gibraltar
ğŸ‡¬ğŸ‡±|flag: Greenland
ğŸ‡¬ğŸ‡²|flag: Gambia
ğŸ‡¬ğŸ‡³|flag: Guinea
ğŸ‡¬ğŸ‡µ|flag: Guadeloupe
ğŸ‡¬ğŸ‡¶|flag: Equatorial Guinea
ğŸ‡¬ğŸ‡·|flag: Greece
ğŸ‡¬ğŸ‡¸|flag: South Georgia & South Sandwich Islands
ğŸ‡¬ğŸ‡¹|flag: Guatemala
ğŸ‡¬ğŸ‡º|flag: Guam
ğŸ‡¬ğŸ‡¼|flag: Guinea-Bissau
ğŸ‡¬ğŸ‡¾|flag: Guyana
ğŸ‡­ğŸ‡°|flag: Hong Kong SAR China
ğŸ‡­ğŸ‡²|flag: Heard & McDonald Islands
ğŸ‡­ğŸ‡³|flag: Honduras
ğŸ‡­ğŸ‡·|flag: Croatia
ğŸ‡­ğŸ‡¹|flag: Haiti
ğŸ‡­ğŸ‡º|flag: Hungary
ğŸ‡®ğŸ‡¨|flag: Canary Islands
ğŸ‡®ğŸ‡©|flag: Indonesia
ğŸ‡®ğŸ‡ª|flag: Ireland
ğŸ‡®ğŸ‡±|flag: Israel
ğŸ‡®ğŸ‡²|flag: Isle of Man
ğŸ‡®ğŸ‡³|flag: India
ğŸ‡®ğŸ‡´|flag: British Indian Ocean Territory
ğŸ‡®ğŸ‡¶|flag: Iraq
ğŸ‡®ğŸ‡·|flag: Iran
ğŸ‡®ğŸ‡¸|flag: Iceland
ğŸ‡®ğŸ‡¹|flag: Italy
ğŸ‡¯ğŸ‡ª|flag: Jersey
ğŸ‡¯ğŸ‡²|flag: Jamaica
ğŸ‡¯ğŸ‡´|flag: Jordan
ğŸ‡¯ğŸ‡µ|flag: Japan
ğŸ‡°ğŸ‡ª|flag: Kenya
ğŸ‡°ğŸ‡¬|flag: Kyrgyzstan
ğŸ‡°ğŸ‡­|flag: Cambodia
ğŸ‡°ğŸ‡®|flag: Kiribati
ğŸ‡°ğŸ‡²|flag: Comoros
ğŸ‡°ğŸ‡³|flag: St. Kitts & Nevis
ğŸ‡°ğŸ‡µ|flag: North Korea
ğŸ‡°ğŸ‡·|flag: South Korea
ğŸ‡°ğŸ‡¼|flag: Kuwait
ğŸ‡°ğŸ‡¾|flag: Cayman Islands
ğŸ‡°ğŸ‡¿|flag: Kazakhstan
ğŸ‡±ğŸ‡¦|flag: Laos
ğŸ‡±ğŸ‡§|flag: Lebanon
ğŸ‡±ğŸ‡¨|flag: St. Lucia
ğŸ‡±ğŸ‡®|flag: Liechtenstein
ğŸ‡±ğŸ‡°|flag: Sri Lanka
ğŸ‡±ğŸ‡·|flag: Liberia
ğŸ‡±ğŸ‡¸|flag: Lesotho
ğŸ‡±ğŸ‡¹|flag: Lithuania
ğŸ‡±ğŸ‡º|flag: Luxembourg
ğŸ‡±ğŸ‡»|flag: Latvia
ğŸ‡±ğŸ‡¾|flag: Libya
ğŸ‡²ğŸ‡¦|flag: Morocco
ğŸ‡²ğŸ‡¨|flag: Monaco
ğŸ‡²ğŸ‡©|flag: Moldova
ğŸ‡²ğŸ‡ª|flag: Montenegro
ğŸ‡²ğŸ‡«|flag: St. Martin
ğŸ‡²ğŸ‡¬|flag: Madagascar
ğŸ‡²ğŸ‡­|flag: Marshall Islands
ğŸ‡²ğŸ‡°|flag: North Macedonia
ğŸ‡²ğŸ‡±|flag: Mali
ğŸ‡²ğŸ‡²|flag: Myanmar (Burma)
ğŸ‡²ğŸ‡³|flag: Mongolia
ğŸ‡²ğŸ‡´|flag: Macao SAR China
ğŸ‡²ğŸ‡µ|flag: Northern Mariana Islands
ğŸ‡²ğŸ‡¶|flag: Martinique
ğŸ‡²ğŸ‡·|flag: Mauritania
ğŸ‡²ğŸ‡¸|flag: Montserrat
ğŸ‡²ğŸ‡¹|flag: Malta
ğŸ‡²ğŸ‡º|flag: Mauritius
ğŸ‡²ğŸ‡»|flag: Maldives
ğŸ‡²ğŸ‡¼|flag: Malawi
ğŸ‡²ğŸ‡½|flag: Mexico
ğŸ‡²ğŸ‡¾|flag: Malaysia
ğŸ‡²ğŸ‡¿|flag: Mozambique
ğŸ‡³ğŸ‡¦|flag: Namibia
ğŸ‡³ğŸ‡¨|flag: New Caledonia
ğŸ‡³ğŸ‡ª|flag: Niger
ğŸ‡³ğŸ‡«|flag: Norfolk Island
ğŸ‡³ğŸ‡¬|flag: Nigeria
ğŸ‡³ğŸ‡®|flag: Nicaragua
ğŸ‡³ğŸ‡±|flag: Netherlands
ğŸ‡³ğŸ‡´|flag: Norway
ğŸ‡³ğŸ‡µ|flag: Nepal
ğŸ‡³ğŸ‡·|flag: Nauru
ğŸ‡³ğŸ‡º|flag: Niue
ğŸ‡³ğŸ‡¿|flag: New Zealand
ğŸ‡´ğŸ‡²|flag: Oman
ğŸ‡µğŸ‡¦|flag: Panama
ğŸ‡µğŸ‡ª|flag: Peru
ğŸ‡µğŸ‡«|flag: French Polynesia
ğŸ‡µğŸ‡¬|flag: Papua New Guinea
ğŸ‡µğŸ‡­|flag: Philippines
ğŸ‡µğŸ‡°|flag: Pakistan
ğŸ‡µğŸ‡±|flag: Poland
ğŸ‡µğŸ‡²|flag: St. Pierre & Miquelon
ğŸ‡µğŸ‡³|flag: Pitcairn Islands
ğŸ‡µğŸ‡·|flag: Puerto Rico
ğŸ‡µğŸ‡¸|flag: Palestinian Territories
ğŸ‡µğŸ‡¹|flag: Portugal
ğŸ‡µğŸ‡¼|flag: Palau
ğŸ‡µğŸ‡¾|flag: Paraguay
ğŸ‡¶ğŸ‡¦|flag: Qatar
ğŸ‡·ğŸ‡ª|flag: RÃ©union
ğŸ‡·ğŸ‡´|flag: Romania
ğŸ‡·ğŸ‡¸|flag: Serbia
ğŸ‡·ğŸ‡º|flag: Russia
ğŸ‡·ğŸ‡¼|flag: Rwanda
ğŸ‡¸ğŸ‡¦|flag: Saudi Arabia
ğŸ‡¸ğŸ‡§|flag: Solomon Islands
ğŸ‡¸ğŸ‡¨|flag: Seychelles
ğŸ‡¸ğŸ‡©|flag: Sudan
ğŸ‡¸ğŸ‡ª|flag: Sweden
ğŸ‡¸ğŸ‡¬|flag: Singapore
ğŸ‡¸ğŸ‡­|flag: St. Helena
ğŸ‡¸ğŸ‡®|flag: Slovenia
ğŸ‡¸ğŸ‡¯|flag: Svalbard & Jan Mayen
ğŸ‡¸ğŸ‡°|flag: Slovakia
ğŸ‡¸ğŸ‡±|flag: Sierra Leone
ğŸ‡¸ğŸ‡²|flag: San Marino
ğŸ‡¸ğŸ‡³|flag: Senegal
ğŸ‡¸ğŸ‡´|flag: Somalia
ğŸ‡¸ğŸ‡·|flag: Suriname
ğŸ‡¸ğŸ‡¸|flag: South Sudan
ğŸ‡¸ğŸ‡¹|flag: SÃ£o TomÃ© & PrÃ­ncipe
ğŸ‡¸ğŸ‡»|flag: El Salvador
ğŸ‡¸ğŸ‡½|flag: Sint Maarten
ğŸ‡¸ğŸ‡¾|flag: Syria
ğŸ‡¸ğŸ‡¿|flag: Eswatini
ğŸ‡¹ğŸ‡¦|flag: Tristan da Cunha
ğŸ‡¹ğŸ‡¨|flag: Turks & Caicos Islands
ğŸ‡¹ğŸ‡©|flag: Chad
ğŸ‡¹ğŸ‡«|flag: French Southern Territories
ğŸ‡¹ğŸ‡¬|flag: Togo
ğŸ‡¹ğŸ‡­|flag: Thailand
ğŸ‡¹ğŸ‡¯|flag: Tajikistan
ğŸ‡¹ğŸ‡°|flag: Tokelau
ğŸ‡¹ğŸ‡±|flag: Timor-Leste
ğŸ‡¹ğŸ‡²|flag: Turkmenistan
ğŸ‡¹ğŸ‡³|flag: Tunisia
ğŸ‡¹ğŸ‡´|flag: Tonga
ğŸ‡¹ğŸ‡·|flag: Turkey
ğŸ‡¹ğŸ‡¹|flag: Trinidad & Tobago
ğŸ‡¹ğŸ‡»|flag: Tuvalu
ğŸ‡¹ğŸ‡¼|flag: Taiwan
ğŸ‡¹ğŸ‡¿|flag: Tanzania
ğŸ‡ºğŸ‡¦|flag: Ukraine
ğŸ‡ºğŸ‡¬|flag: Uganda
ğŸ‡ºğŸ‡²|flag: U.S. Outlying Islands
ğŸ‡ºğŸ‡³|flag: United Nations
ğŸ‡ºğŸ‡¸|flag: United States
ğŸ‡ºğŸ‡¾|flag: Uruguay
ğŸ‡ºğŸ‡¿|flag: Uzbekistan
ğŸ‡»ğŸ‡¦|flag: Vatican City
ğŸ‡»ğŸ‡¨|flag: St. Vincent & Grenadines
ğŸ‡»ğŸ‡ª|flag: Venezuela
ğŸ‡»ğŸ‡¬|flag: British Virgin Islands
ğŸ‡»ğŸ‡®|flag: U.S. Virgin Islands
ğŸ‡»ğŸ‡³|flag: Vietnam
ğŸ‡»ğŸ‡º|flag: Vanuatu
ğŸ‡¼ğŸ‡«|flag: Wallis & Futuna
ğŸ‡¼ğŸ‡¸|flag: Samoa
ğŸ‡½ğŸ‡°|flag: Kosovo
ğŸ‡¾ğŸ‡ª|flag: Yemen
ğŸ‡¾ğŸ‡¹|flag: Mayotte
ğŸ‡¿ğŸ‡¦|flag: South Africa
ğŸ‡¿ğŸ‡²|flag: Zambia
ğŸ‡¿ğŸ‡¼|flag: Zimbabwe
ğŸ´ó §ó ¢ó ¥ó ®ó §ó ¿|flag: England
ğŸ´ó §ó ¢ó ³ó £ó ´ó ¿|flag: Scotland
ğŸ´ó §ó ¢ó ·ó ¬ó ³ó ¿|flag: Wales
:â€‘)|Smiley or happy face.
:)|Smiley or happy face.
:-]|Smiley or happy face.
:]|Smiley or happy face.
:-3|Smiley or happy face.
:3|Smiley or happy face.
:-&gt;|Smiley or happy face.
:&gt;|Smiley or happy face.
8-)|Smiley or happy face.
8)|Smiley or happy face.
:-}|Smiley or happy face.
:}|Smiley or happy face.
:o)|Smiley or happy face.
:c)|Smiley or happy face.
:^)|Smiley or happy face.
=]|Smiley or happy face.
=)|Smiley or happy face.
ï¸|Smiley or happy face.
:â€‘D|Laughing, big grin, laugh with glasses, or wide-eyed surprise
:D|Laughing, big grin, laugh with glasses, or wide-eyed surprise
8â€‘D|Laughing, big grin, laugh with glasses, or wide-eyed surprise
8D|Laughing, big grin, laugh with glasses, or wide-eyed surprise
xâ€‘D|Laughing, big grin, laugh with glasses, or wide-eyed surprise
xD|Laughing, big grin, laugh with glasses, or wide-eyed surprise
Xâ€‘D|Laughing, big grin, laugh with glasses, or wide-eyed surprise
XD|Laughing, big grin, laugh with glasses, or wide-eyed surprise
=D|Laughing, big grin, laugh with glasses, or wide-eyed surprise
=3|Laughing, big grin, laugh with glasses, or wide-eyed surprise
B^D|Laughing, big grin, laugh with glasses, or wide-eyed surprise
:-))|Very happy or double chin
:â€‘(|Frown, sad, angry, pouting
:(|Frown, sad, angry, pouting
:â€‘c|Frown, sad, angry, pouting
:c|Frown, sad, angry, pouting
:â€‘&lt; |Frown, sad, angry, pouting
:&lt;|Frown, sad, angry, pouting
:â€‘[|Frown, sad, angry, pouting
:[|Frown, sad, angry, pouting
":-||"|Frown, sad, angry, pouting
 &gt;:[|Frown, sad, angry, pouting
:{|Frown, sad, angry, pouting
:@|Frown, sad, angry, pouting
;(|Frown, sad, angry, pouting
:'â€‘(|Crying
:'(|Crying
:'â€‘)|Tears of happiness
:')|Tears of happiness
Dâ€‘':|Horror, disgust, sadness, great dismay (right to left)
D:&lt;|Horror, disgust, sadness, great dismay (right to left)
D:|Horror, disgust, sadness, great dismay (right to left)
D8|Horror, disgust, sadness, great dismay (right to left)
D;|Horror, disgust, sadness, great dismay (right to left)
D=|Horror, disgust, sadness, great dismay (right to left)
DX|Horror, disgust, sadness, great dismay (right to left)
:â€‘O|Surprise, shock, yawn
:O|Surprise, shock, yawn
:â€‘o|Surprise, shock, yawn
:o|Surprise, shock, yawn
:-0|Surprise, shock, yawn
8â€‘0|Surprise, shock, yawn
&gt;:O|Surprise, shock, yawn
:-*|Kiss
:*|Kiss
:Ã—|Kiss
;â€‘)|Wink, smirk
;)|Wink, smirk
*-)|Wink, smirk
*)|Wink, smirk
;â€‘]|Wink, smirk
;]|Wink, smirk
;^)|Wink, smirk
:â€‘,|Wink, smirk
;D|Wink, smirk
:â€‘P|Tongue sticking out, cheeky/playful, blowing a raspberry
:P|Tongue sticking out, cheeky/playful, blowing a raspberry
Xâ€‘P|Tongue sticking out, cheeky/playful, blowing a raspberry
XP|Tongue sticking out, cheeky/playful, blowing a raspberry
xâ€‘p|Tongue sticking out, cheeky/playful, blowing a raspberry
xp|Tongue sticking out, cheeky/playful, blowing a raspberry
:â€‘p|Tongue sticking out, cheeky/playful, blowing a raspberry
:p|Tongue sticking out, cheeky/playful, blowing a raspberry
:â€‘Ã|Tongue sticking out, cheeky/playful, blowing a raspberry
:Ã|Tongue sticking out, cheeky/playful, blowing a raspberry
:â€‘Ã¾|Tongue sticking out, cheeky/playful, blowing a raspberry
:Ã¾|Tongue sticking out, cheeky/playful, blowing a raspberry
:â€‘b|Tongue sticking out, cheeky/playful, blowing a raspberry
:b|Tongue sticking out, cheeky/playful, blowing a raspberry
d:|Tongue sticking out, cheeky/playful, blowing a raspberry
=p|Tongue sticking out, cheeky/playful, blowing a raspberry
&gt;:P|Tongue sticking out, cheeky/playful, blowing a raspberry
:â€‘/|Skeptical, annoyed, undecided, uneasy, hesitant
:/|Skeptical, annoyed, undecided, uneasy, hesitant
:â€‘.|Skeptical, annoyed, undecided, uneasy, hesitant
&gt;:\|Skeptical, annoyed, undecided, uneasy, hesitant
&gt;:/|Skeptical, annoyed, undecided, uneasy, hesitant
:\|Skeptical, annoyed, undecided, uneasy, hesitant
=/|Skeptical, annoyed, undecided, uneasy, hesitant
=\|Skeptical, annoyed, undecided, uneasy, hesitant
:L|Skeptical, annoyed, undecided, uneasy, hesitant
=L|Skeptical, annoyed, undecided, uneasy, hesitant
:S|Skeptical, annoyed, undecided, uneasy, hesitant
":â€‘|"|Straight face no expression, indecision
":|"|Straight face no expression, indecision
:$|Embarrassed, blushing
://)|Embarrassed, blushing
://3|Embarrassed, blushing
:â€‘X|Sealed lips or wearing braces, tongue-tied
:X|Sealed lips or wearing braces, tongue-tied
:â€‘#|Sealed lips or wearing braces, tongue-tied
:#|Sealed lips or wearing braces, tongue-tied
:â€‘&amp;|Sealed lips or wearing braces, tongue-tied
:&amp;|Sealed lips or wearing braces, tongue-tied
O:â€‘)|Angel, saint, innocent
O:)|Angel, saint, innocent
0:â€‘3|Angel, saint, innocent
0:3|Angel, saint, innocent
0:â€‘)|Angel, saint, innocent
0:)|Angel, saint, innocent
0;^)|Angel, saint, innocent
&gt;:â€‘)|Evil, devilish
}:â€‘)|Evil, devilish
}:)|Evil, devilish
3:â€‘)|Evil, devilish
3:)|Evil, devilish
&gt;;)|Evil, devilish
&gt;:3|Evil, devilish
;3|Evil, devilish
"|;â€‘)"|Cool, bored/yawning
"|â€‘O"|Cool, bored/yawning
:â€‘J|Tongue-in-cheek
#â€‘)|Partied all night
â€”|Partied all night
%â€‘)|Drunk, confused
%)|Drunk, confused
:â€‘###..|Being sick
:###..|Being sick
"&lt;:â€‘|"|Dumb, dunce-like
"',:-|"|Scepticism, disbelief, or disapproval
',:-l|Scepticism, disbelief, or disapproval
:E|Grimacing, nervous, awkward
@};- @}->-- @}â€‘;â€‘'â€‘â€‘â€‘ @>â€‘â€‘>â€‘â€‘|"Rose
"
5:â€‘)|"Elvis Presley
"
~:â€‘\|"Elvis Presley
"
"*<|:â€‘)"|"Santa Claus
"
~(_8^(I)|"Homer Simpson
"
=:o]|"Bill Clinton
"
7:^]|"Ronald Reagan
"
,:â€‘)|"Ronald Reagan
"
</3|"Broken-heart
"
<\3|"Broken-heart
"
<3|"Heart
"
â¤ï¸|"Heart
"
><>|"Fish, something's fishy, Christian fish
"
<*)))â€‘{|"Fish, something's fishy, Christian fish
"
><(((*>|"Fish, something's fishy, Christian fish
"
\o/|"Cheer ""Yay, yay.""
"
*\0/*|"Cheerleader
"
//0â€‘0\\|"John Lennon
"
v.v|"Horror, disgust, sadness, great dismay
"
O_O|"Surprise, shock, yawn
"
oâ€‘o|"Surprise, shock, yawn
"
O_o|"Surprise, shock, yawn
"
o_O|"Surprise, shock, yawn
"
o_o|"Surprise, shock, yawn
"
O-O|"Surprise, shock, yawn
"
>.<|"Skeptical, annoyed, undecided, uneasy, hesitant
"
^5|"High five
"
o/\o|"High five
"
>_>^ ^<_<|"High five
"
(>_<)>|"Troubled
"
(>_<)|"Troubled
"
(|"Baby
"
';')|"Baby
"
(^_^;)|"Nervous, embarrassed, troubled, shy, sweat drop
"
(-_-;)|"Nervous, embarrassed, troubled, shy, sweat drop
"
(~_~;)|"Nervous, embarrassed, troubled, shy, sweat drop
"
(ãƒ»_ãƒ»;)|"Nervous, embarrassed, troubled, shy, sweat drop
"
(ãƒ»ãƒ»;)|"Nervous, embarrassed, troubled, shy, sweat drop
"
^_^;|"Nervous, embarrassed, troubled, shy, sweat drop
"
(#^.^#)|"Nervous, embarrassed, troubled, shy, sweat drop
"
(^|"Nervous, embarrassed, troubled, shy, sweat drop
"
^;)|"Nervous, embarrassed, troubled, shy, sweat drop
"
^ã‚|"Nervous, embarrassed, troubled, shy, sweat drop
"
(ãƒ».ãƒ»;)|"Nervous, embarrassed, troubled, shy, sweat drop
"
^^;|"Nervous, embarrassed, troubled, shy, sweat drop
"
(-.-)y-Â°Â°Â°|"Smoking
"
(^.^)y-.oâ—‹|"Smoking
"
-_-)zzz|"Sleeping
"
(^_-)-â˜†|"Wink
"
(^_-)|"Wink
"
(+o+)|"Confused
"
(Â°Â°)|"Confused
"
(Â°-Â°)|"Confused
"
(Â°_Â°)|"Confused
"
(Â°_Â°>)|"Confused
"
(Â°ãƒ¬Â°)|"Confused
"
((+_+))|"Confused
"
(Â°.Â°)|"Confused
"
"o|o)"|"Ultraman
"
<(|"N/A
"
ï½€|"N/A
"
^Â´|"N/A
"
)>|"N/A
"
(Â°oÂ°)|"Joyful
"
(^_^)/|"Joyful
"
(^O^)ï¼|"Joyful
"
(^o^)ï¼|"Joyful
"
(^^)/|"Joyful
"
(/â—•ãƒ®â—•)/|"Joyful
"
(^o^)ä¸¿|"Joyful
"
âˆ©(Â·Ï‰Â·)âˆ©|"Joyful
"
(Â·Ï‰Â·)|"Joyful
"
^Ï‰^|"Joyful
"
^_^|"Joyful
"
(â‰§âˆ‡â‰¦)/|"Joyful
"
_(._.)_|"Kowtow as a sign of respect, or dogeza for apology
"
_(_^_)_|"Kowtow as a sign of respect, or dogeza for apology
"
<(_ _)>|"Kowtow as a sign of respect, or dogeza for apology
"
m(__)m|"Kowtow as a sign of respect, or dogeza for apology
"
m(_ _)m|"Kowtow as a sign of respect, or dogeza for apology
"
(__)|"Kowtow as a sign of respect, or dogeza for apology
"
<>|"Kowtow as a sign of respect, or dogeza for apology
"
(ï¼ãƒ­Â°)ï¼|"Questioning
"
ï¼¼(Â°ãƒ­ï¼¼)|"Questioning
"
(/_;)|"Sad, crying
"
(T_T)|"Sad, crying
"
(;_;|"Sad, crying
"
(;_:)|"Sad, crying
"
(;O;)|"Sad, crying
"
(:_;)|"Sad, crying
"
(ToT)|"Sad, crying
"
(ï¼´â–½ï¼´)|"Sad, crying
"
;-;|"Sad, crying
"
;n;|"Sad, crying
"
;;|"Sad, crying
"
Q.Q|"Sad, crying
"
T.T|"Sad, crying
"
TnT|"Sad, crying
"
QQ|"Sad, crying
"
Q_Q|"Sad, crying
"
('_')|"Sad, crying
"
;_;|"Sad, crying
"
(-.-)|"Shame
"
(-_-)|"Shame
"
(ä¸€ä¸€)|"Shame
"
(ï¼›ä¸€_ä¸€)|"Shame
"
(ãƒ¼_ãƒ¼)!!|"Shame
"
=_=)|"Tired
"
(=^ãƒ»ãƒ»^=)|"Cat
"
=^_^=|"Cat
"
(=^ãƒ»^=)|"Cat
"
(._.)|"Looking down
"
(..)|"Looking down
"
^m^|"Giggling with hand covering mouth
"
(?_?)|"Confusion
"
(ãƒ»ãƒ»?|"Confusion
"
â€¸|"Facepalm
"
áƒš|"Facepalm
"
<^!^>|"Normal laugh
"
^/^|"Normal laugh
"
ï¼ˆ*^_^*ï¼‰|"Normal laugh
"
Â§^.^Â§|"Normal laugh
"
(^<^)|"Normal laugh
"
(^ãƒ ^)|"Normal laugh
"
(^Â·^)|"Normal laugh
"
(^.^)|"Normal laugh
"
(^_^.)|"Normal laugh
"
(^_^)|"Normal laugh
"
(^^)|"Normal laugh
"
(*^.^*)|"Normal laugh
"
ï¼ˆ^â€”^ï¼‰|"Normal laugh
"
><|"Normal laugh
"
(^J^)|"Normal laugh
"
(^_^)/~|"Waving
"
(;_;)/~~~|"Waving
"
(^.^)/~~~|"Waving
"
(-_-)/~~~|"Waving
"
(@^^)/~~~|"Waving
"
(T_T)/~~~|"Waving
"
(ToT)/~~~|"Waving
"
(^^)/~~~|"Waving
"
($Â·Â·)/~~~|"Waving
"
V)oï¿¥|"Alien Baltan
"
o(|"Alien Baltan
"
V)|"Alien Baltan
"
ï¼¼(^o^)ï¼|"Excited
"
ï¼¼(-o-)ï¼|"Excited
"
ãƒ½(^o^)ä¸¿|"Excited
"
(*^0^*)|"Excited
"
ï¼¼(~o~)ï¼|"Excited
"
ãƒ½(^ã€‚^)ãƒ|"Excited
"
(*_*;|"Amazed
"
(+_+)|"Amazed
"
(@_@ã€‚|"Amazed
"
(ï¼ _ï¼ ;)|"Amazed
"
ï¼¼(â—oâ—)ï¼ï¼|"Amazed
"
(*_*)|"Amazed
"
(@_@)|"Amazed
"
!(|"N/A
"
^^)!|"N/A
"
(^^)v|"Laughing, cheerful
"
(^_^)v|"Laughing, cheerful
"
ï¼ˆâ€™-â€™*)|"Laughing, cheerful
"
(ï¼¾â–½ï¼¾)|"Laughing, cheerful
"
(ãƒ»âˆ€ãƒ»)|"Laughing, cheerful
"
(Â´âˆ€`)|"Laughing, cheerful
"
(âŒ’â–½âŒ’ï¼‰|"Laughing, cheerful
"
(*^^)v|"Laughing, cheerful
"
(ï¼¾ï½–ï¼¾)|"Laughing, cheerful
"
(~_~)|"N/A
"
(~o~)|"N/A
"
^^ã‚|"N/A
"
p_-)|"N/A
"
d[-_-]b))|"Headphones, listening to music
"
(ãƒ¼ãƒ¼ã‚›)|"Worried
"
(^_^ãƒ¡)|"Worried
"
(-_-ãƒ¡)|"Worried
"
(~_~ãƒ¡)|"Worried
"
(ï¼ï¼ã€†)|"Worried
"
(ï½€Â´)|"Worried
"
<`ï½Â´>|"Worried
"
<`ãƒ˜Â´>|"Worried
"
(ãƒ¼ãƒ¼;)|"Worried
"
"(-""-)"|"Worried
"
(ãƒ»ã¸ãƒ»)|"Worried
"
^0_0^)|"Eyeglasses
"
Ï†(..)|"Jotting note
"
( ..)Ï†|"Jotting note
"
(ï¼¾ï½•ï¼¾)|"Happy
"
(ï¼¾â—‡ï¼¾)|"Happy
"
(^O^)|"Happy
"
(^o^)|"Happy
"
(^â—‹^)|"Happy
"
)^o^(|"Happy
"
(âœ¿â— â€¿â— )|"Happy
"
(â—ï¼¾oï¼¾â—)|"Happy
"
( ^)o(^ )|"Happy
"
(*^â–½^*)|"Happy
"
ï¿£|"Grinning
"
ãƒ¼|"Grinning
"
Â°oÂ°|"Surprised
"
Â°OÂ°|"Surprised
"
o_0|"Surprised
"
o.O|"Surprised
"
(o.o)|"Surprised
"
oO|"Surprised
"
(ï¿£â–¡ï¿£;)|"Surprised
"
(*Â°âˆ€Â°)=3|"Infatuation
"
(*Â´â–½ï½€*)|"Infatuation
"
(Â°â—‡Â°)|"Shocked, surprised
"
ï¼ˆ ï¾Ÿ Ğ”ï¾Ÿ)|"Shocked, surprised
"
*ï¿£|"Dissatisfied
"
mï¿£|"Dissatisfied
"
Â¯\_(ãƒ„)_/Â¯|ğŸ¤·
ãƒ½(Â´ãƒ¼ï½€)â”Œ|ğŸ¤·
(â€˜A`)|"Snubbed or deflated
"
(Â´ï½¥Ï‰ï½¥`)|"Snubbed or deflated
"
*^3^)/~â˜†|"Blowing a kiss
"
.....Ï†|"Studying is good
"
ãƒ»âˆ€|"Studying is good
"
ãƒ»ï¼Š|"Studying is good
"
UwU|"Joy
"
uwu|"Joy
"
OwO|"Cute, inquisitive or perplexed, sometimes associated with the furry fandom
"
OWO|"Cute, inquisitive or perplexed, sometimes associated with the furry fandom
"
.oâ—‹|"Bubbles
"
â—‹o.|"Bubbles
"
( ^^)_U~~( ^^)|"Cup of tea
"
_U~~|"Cup of tea
"
( ^^)|"Cup of tea
"
_æ—¦~~|"Cup of tea
"
â˜†å½¡|"Shooting star
"
â˜†ãƒŸ|"Shooting star
"
>Â°)))å½¡(Q))|"Fish
"
(Q|"Fish
"
))|"Fish
"
><ãƒ¨ãƒ¨|"Fish
"
(Â°))<<>Â°))))å½¡<Â°)))å½¡>Â°))å½¡|"Fish
"
>Â°))))å½¡|"Fish
"
<Â°)))å½¡|"Fish
"
>Â°))å½¡|"Fish
"
<+))><<<*))>=<|"Fish
"
))><<|"Fish
"
<*))|"Fish
"
>=<|"Fish
"
<ã‚³|"Octopus, squid
"
:å½¡|"Octopus, squid
"
 ï¼£|"Octopus, squid
"
:.ãƒŸ|"Octopus, squid
"
~>Â°)ï½|"Snake
"
ï½|"Snake
"
Â°Â·|"Bat
"
_Â·|"Bat
"
Â°ï½|"Bat
"
Â°Â°)ï½|"Tadpole
"
â—|"Bomb
"
STO|"Despair. The ""O""s represent head on the ground, ""T"" or ""r"" forms the torso, and ""S"" or ""z"" the legs.
"
OTZ|"Despair. The ""O""s represent head on the ground, ""T"" or ""r"" forms the torso, and ""S"" or ""z"" the legs.
"
OTL|"Despair. The ""O""s represent head on the ground, ""T"" or ""r"" forms the torso, and ""S"" or ""z"" the legs.
"
orz|"Despair. The ""O""s represent head on the ground, ""T"" or ""r"" forms the torso, and ""S"" or ""z"" the legs.
"
(â•¯Â°â–¡Â°ï¼‰â•¯ï¸µ â”»â”â”»|
â”¬â”€â”€â”¬ Â¯\_(ãƒ„)|
â”»â”â”»ï¸µãƒ½(`Ğ”Â´)ï¾‰ï¸µ â”»â”â”»â”¬â”€â”¬ãƒ( Âº _ Âºãƒ)|
â”¬â”€â”¬ãƒ( Âº _ Âºãƒ)|
(ãƒà² ç›Šà² )ãƒå½¡â”»â”â”»|
:3ãƒŸ|"N/A
"
(`ï½¥Ï‰ï½¥Â´)|"Feel perky
"
(ï½€-Â´)>|"Salute
"
(Â´ï¼›Ï‰ï¼›`)|"Terribly sad
"
ãƒ½(Â´ãƒ¼ï½€)ï¾‰|"Peace of mind
"
ãƒ½(`Ğ”Â´)ï¾‰|"Be irritable
"
(ï¼ƒï¾ŸĞ”ï¾Ÿ)|"Angry
"
ï¼ˆ Â´Ğ”ï½€ï¼‰|"Yelling, or panting
"
ï¼ˆã€€ï¾ŸĞ”ï¾Ÿï¼‰|"Surprised, or loudmouthed
"
â”('ï½`ï¼›)â”Œ|"Don't know the answer
"
ï¼ˆÂ´âˆ€ï½€ï¼‰|"Carefree
"
ï¼ˆã€€Â´_ã‚`ï¼‰|"Indifferent
"
Î£(ã‚œĞ´ã‚œ;)|"Shocked
"
( ï¾Ÿãƒ®ï¾Ÿ)|"Happy, upbeat
"
âŠ‚äºŒäºŒäºŒï¼ˆï¼¾Ï‰ï¼¾ï¼‰äºŒâŠƒ|"""Bu-n"", being carefree and above, with arms stretched out while running/soaring
"
(((( ï¼›ï¾ŸĞ”ï¾Ÿ)))|"Spook
"
Î£(ï¾ŸĞ”ï¾Ÿ)|"Huge surprise
"
( Â´âˆ€ï½€)Ïƒ)âˆ€`)|"Jog someone's cheek
"
( ï¾ŸĞ´ï¾Ÿ)|"Amazed
"
(Â´ãƒ¼`)y-~~|"Smoking
"
ï¼ˆ ^_^ï¼‰oè‡ªè‡ªoï¼ˆ^_^ ï¼‰|"Toast ""Cheers""
"
m9(ãƒ»âˆ€ãƒ»)|"Flash of intuition
"
ãƒ½(Â´ãƒ¼`)äºº(Â´âˆ‡ï½€)äºº(`Ğ”Â´)ãƒ|"Friendly
"
('A`)|"Lonely
"
ï¼ˆ Â´,_ã‚`)|"Depressed, unsatisfied (based on indifferent)
"
ï¼ˆÂ´-`ï¼‰.ï½¡oO( ... )|"Thinking
"
(ï¾ŸĞ”ï¾Ÿ;â‰¡;ï¾ŸĞ”ï¾Ÿ)|"Impatience
"
( Â´Ğ´)ï¾‹ï½¿(Â´Ğ”ï½€)ï¾‹ï½¿(Ğ”ï½€)|"Whispers
"
ï¼ˆï½¥âˆ€ï½¥)ã¤â‘©|"Carrying money
"
âŠ‚ï¼ˆï¾ŸĞ”ï¾ŸâŠ‚âŒ’ï½€ã¤â‰¡â‰¡â‰¡(Â´âŒ’;;;â‰¡â‰¡â‰¡|"Sliding on belly, ""whooaaa!!!""
"
(ï¾ŸĞ´ï¾Ÿ)|"Unforeseen
"
(ï¾ŸâŠ¿ï¾Ÿ)|"""I don't need it""
"
Ñ‰(ï¾ŸĞ”ï¾ŸÑ‰)   (å±®ï¾ŸĞ”ï¾Ÿ)å±®|"Come on
"
ï¼ˆãƒ»âˆ€ãƒ»ï¼‰|"Mocking, ""good""
"
ï¼ˆãƒ»ï¼¡ãƒ»ï¼‰|"""That's bad""
"
(ï¾Ÿâˆ€ï¾Ÿ)|"Discharged drug-in-brain, goofing around, ""A-HYA!""
"
ï¼ˆ ã¤ Ğ” ï½€ï¼‰|"Sad
"
ã‚¨ã‚§ã‚§(Â´Ğ´ï½€)ã‚§ã‚§ã‚¨|"Not convincing
"
(ï¿£ãƒ¼ï¿£)|"Simper, Snorlax
"
[ï¾ŸĞ´ï¾Ÿ]|"Deflagged
"
â™ªâ”(ãƒ»oï½¥)â”›â™ªâ”— ( ï½¥oï½¥) â”“|"Happy expressions, dancing to the music
"
d(*âŒ’â–½âŒ’*)b|"Happy expression
"
"ï¼¿|ï¿£|â—‹"|"Given up. Despair. The ""O""s represent head on the ground, ""T"" or ""r"" forms the torso, and ""S"" or ""z"" the legs.
"
(â•¬ à² ç›Šà² )|"Extreme Distaste, meant to appear as an exaggerated grimace
"
(â‰§ãƒ­â‰¦)|"Shouting
"
(Î˜ÎµÎ˜;)|"Pretending not to notice, asleep because of boredom
"
"ï¼¼| ï¿£ãƒ˜ï¿£|ï¼ï¼¿ï¼¿ï¼¿ï¼¿ï¼¿ï¼¿ï¼¿Î¸â˜†( *o*)/"|"Kick
"
â”Œ(ï¼›`ï½,)â”|"Discombobulated
"
Îµ=Îµ=Îµ=â”Œ(;*Â´Ğ”`)ï¾‰|"Running
"
ãƒ½(Â´â–½`)/|"Happy
"
^ã…‚^|"Happy
"
(l'o'l)|"Shocked
"
ãƒ½(ï½`çš¿â€²ï½)ï¾‰|"Really angry
"
(â˜ï¾Ÿãƒ®ï¾Ÿ)â˜|"""Do it""
"
â˜œ(âŒ’â–½âŒ’)â˜|"Angel
"
ã‚­ã‚¿â”â”â”(ã‚œâˆ€ã‚œ)â”â”â”!!!!!Â |"""It's here"", Kitaa!, excitement that something has appeared or happened or ""I came"".
"
ï½·ï¾€ï¾œã‚¡*ï½¥ã‚œï¾Ÿï½¥*:.ï½¡..ï½¡.:*ï½¥ã‚œ(nâ€˜âˆ€â€˜)Î·ï¾Ÿï½¥*:.ï½¡. .ï½¡.:*ï½¥ã‚œï¾Ÿï½¥*Â !!!!! Â |"Girlish version of ""It's here"".
"
(*Â´Ğ”`)ï¾Šï½§ï¾Šï½§|"Erotic stirring, haa haa
"
(ã€€Â´Ğ”ï½€)ï¾‰(Â´ï½¥Ï‰ï½¥`)ã€€ï¾…ï¾ƒï¾ï¾…ï¾ƒï¾|"Patting, nade nade
"
(*ï¾Ÿï¾‰Oï¾Ÿ)<ï½µï½µï½µï½µï½«ï½«ï½«ï½«ï½«ï½«ï½«ï½°ï½°ï½°ï½°ï½°ï½²!|"Calling out, ""Ooooi!""
"
( ï¾Ÿâˆ€ï¾Ÿ)ï½±ï¾Šï¾Šå…«å…«ï¾‰ãƒ½ï¾‰ãƒ½ï¾‰ãƒ½ï¾‰ ï¼¼ / ï¼¼/ ï¼¼|"Evil laugh (literally ahahaHAHA...)
"
ï¼ˆãƒ»âˆ€ãƒ» ï¼‰ãƒ¾(- -ï¼›)ã‚³ãƒ©ã‚³ãƒ©|"Blaming ""now now""
"
ãŠ(^o^)ã‚„(^O^)ã™(^ï½¡^)ã¿ãƒ(^-^)ï¾‰ï¾|"Kana reading ""O ya su mi"" meaning ""Good night"" or ""Night""
"
